INSERT INTO `member` (`email`,`pw`,`nickName`,`memberTel`,`memberGrade`)
VALUES
  ("tellus@yahoo.edu","FKK11URU7TC","Calista Hicks","010-1632-1860",0),
  ("adipiscing.ligula@hotmail.ca","OKI10BEW8RH","Cullen Burgess","010-3817-0821",0),
  ("nulla@protonmail.org","MGU19LEN0VV","Amir Bruce","010-0803-8283",0),
  ("vulputate.nisi.sem@protonmail.org","WMG71CFL2UX","Barrett Bell","010-0273-7816",0),
  ("sit.amet@icloud.edu","RMX21VOO3CF","Clarke Reed","010-6225-7775",2),
  ("tortor.at@protonmail.org","UDM85WPP0XR","Dillon Matthews","010-7267-4426",0),
  ("aliquet@icloud.org","XKZ17TOA2XM","Zeph Mathis","010-3697-1150",1),
  ("phasellus.nulla@outlook.edu","LVE36SWO4NO","Selma Hurley","010-1374-8881",1),
  ("suscipit.nonummy@aol.com","BFE83ENQ5WL","Desiree Holden","010-5020-5202",0),
  ("a.ultricies.adipiscing@google.couk","MCJ71TSK4QI","Audra Davis","010-1536-2403",0);

  INSERT INTO `COUPON` (`couponName`,`discountPrice`,`couponStartDate`,`couponEndDate`,`useTerms`)
VALUES
  ("가입환영 10000원 할인 쿠폰", 10000,"2022-09-20","2022-12-20 23:59:59", 100000),
  ("여름휴가 5000원 할인 쿠폰", 5000,"2022-07-20","2022-11-20 23:59:59", 50000),
  ("미리예약 20000원 쿠폰", 20000,"2022-09-02","2022-12-25 23:59:59", 100000),
  ("얼리버드 15000원 쿠폰", 15000,"2022-09-05","2022-12-20 23:59:59", 80000),
  ("겨울나기 30000원 쿠폰", 30000,"2022-09-20","2022-11-25 23:59:59", 120000),
  ("너와나 쿠폰", 30000,"2022-10-22","2022-11-30 23:59:59", 100000),
  ("X4 시즌패스 쿠폰", 10000,"2022-09-11","2022-11-04 23:59:59", 40000),
  ("10,11월 한정 쿠폰", 40000,"2022-10-01","2022-11-30 23:59:59", 200000),
  ("천고마비의 계절 쿠폰", 30000,"2022-09-21","2022-11-19 23:59:59", 150000),
  ("숙박대전 쿠폰", 30000,"2022-09-22","2022-10-28 23:59:59", 100000);

  INSERT INTO `MEMBER_VIEW_COUPON` (`memberNum`, `couponNum`)
VALUES
(1,	3),
(1,	4),
(1,	5),
(2,	1),
(2,	2),
(3,	1),
(3,	5),
(4,	6),
(4,	7),
(5,	8),
(6,	9),
(7, 10),
(7,	7),
(8,	1),
(8,	7),
(9,	9),
(10,	1),
(10,	8);

INSERT INTO `REGION` (`regionName`,`regionParentNum`)
VALUES
  ("서울",0),
  ("경기",0),
  ("인천",0),
  ("강원",0),
  ("제주",0),
  ("대전",0),
  ("충북",0),
  ("충남/세종",0),
  ("부산",0),
  ("울산",0),
  ("경남",0),
  ("대구",0),
  ("경북",0),
  ("광주",0),
  ("전남",0),
  ("전주/전북",0);


INSERT INTO `accom_category` (`accomCategoryName`)
VALUES
  ("호텔"),
  ("모텔"),
  ("펜션/풀빌라"),
  ("게하/한옥");


INSERT INTO `ACCOMMODATION` (`accomName`,`accomTel`,`accomCategoryNum`,`regionNum`,`accomAddress`,`accomRating`,`accomWishListCount`,`totalreviewNum`,`latitude`,`longitude`,`lowPrice`,`reserveRange`)
VALUES
  ("대구 팔공산 스타탄생 드라이브인","050350508086",2,12,"대구광역시 동구 파계로138길 36",4.4,116,1163,0,0,20000,60),
("역삼 컬리넌","050350524475",2,1,"서울 강남구 언주로87길 11 (역삼동)",4.4,307,3074,37.5015,127.0421,30000,60),
("인천(검단) 3S BOTIQUE HOTEL","050350525953",2,3,"인천광역시 서구 원당대로 874",4.7,115,1150,37.5925,126.6709,25000,60),
("포항 영일대 HOTEL LILY(릴리)","050350507719",2,13,"경상북도 포항시 북구x 해안로 57-2",4.7,82,824,36.0543,129.3767,35000,60),
("인천(석남동) 뱅크","050350526460",2,3,"인천광역시 서구 염곡로 250",4.7,30,302,37.507,126.6685,15000,60),
("글래드 마포","0221975000",1,1,"서울특별시 마포구 마포대로 92",4.8,660,6608,37.507, 126.6685,80000,60),
("제주 탑아일랜드 호텔","0647551333",1,5,"제주특별자치도 제주시 용남1길 47",4.7,20,200,33.5052, 126.5129,10000,60),
("선릉 호텔 스타","050350518700",1,1,"서울특별시 강남구 선릉로92길 8",4.2,448,4480,37.5054, 127.0494,25000,60),
("호텔 라트리 의정부","0318435100",1,2,"경기도 의정부시 청사로6번길 19-13 (신곡동)",3.6,3,33,37.75, 127.072,90000,60),
("탑스텐 빌라드애월","0647209000",1,5,"제주특별자치도 제주시 애월읍 애월해안로 516-7",4.6,14,144,33.4774, 126.3593,85000,60),
("대부도(선재도) 갤러리스파펜션(목섬 앞)","050350572152",3,3,"인천 옹진군 영흥면 선재로 38-47",4.5,95,959,37.2338, 126.5339,89000,60),
("보령(대천) 도로시펜션","050350588477",3,8,"충청남도 보령시 고잠2길 8-22",4.8,14,140,37.2338, 126.5339,60000,60),
("제주 귤하우스","050350528116",3,5,"제주특별자치도 서귀포시 남원읍 남한로 79-11",0.1,0,1,33.2857, 126.7136,55300,60),
("제주 동백바다","050350528071",3,5,"제주특별자치도 서귀포시 남원읍 태위로360번길 46",0.1,0,1,33.2726, 126.6841,90000,60),
("포항 씨엔스톤펜션","050350579434",3,13,"경상북도 포항시 북구 청하면 해안로1918번길34-1",4.6,29,298,36.1759, 129.3947,59400,60),
("보령(대천) 너울펜션","050350577805",3,8,"충청남도 보령시 해수욕장13길 10-20",4.4,110,1103,36.3196, 126.5092,45000,60),
("서울 아폴로 게스트하우스","050350521568",4,1,"서울특별시 영등포구 영등포로19길 7-1",4.2,12,127,37.5228, 126.8927,20000,60),
("노마드인제주 게스트하우스","050350520907",4,5,"제주특별자치도 제주시 용마로4길 5",4.8,15,152,33.516, 126.5059,25000,60),
("서울숲 스테이","050350521343",4,1,"서울특별시 성동구 왕십리로 108-1",4.5,16,163,37.5475, 127.0448,15000,60),
("제주 토다 게스트하우스","050350527102",4,5,"제주특별자치도 제주시 동문로 10",4.8,3,38,33.5128, 126.5278,19000,60);


INSERT INTO `ROOM` (`accomNum`,`roomName`,`defaultGuest`,`maxGuest`,`price`,`restStartTime`,`restEndTime`,`roomInfo`)
VALUES
(1,"1실 1주차 A ",2,2,30000,"22:00","12:00","2인 /최대 2인,퀸 침대,금연객실"),
(1,"1실 1주차 B ",2,2,30000,"22:00","12:00","2인 /최대 2인,퀸 침대,금연객실"),
(1,"파티룸 B  2인실 ",2,2,60000,"17:00","12:00","2인 /최대 2인,퀸 침대,금연객실"),
(1,"파티룸 A  2인실",2,2,45000,"17:00","12:00","2인 /최대 2인,퀸 침대,금연객실"),
(2,"Deluxe",2,2,69800,"20:00","12:00","2인 /최대 2인,더블 침대,금연객실"),
(2,"Deluxe544",2,2,79800,"20:00","12:00","2인 /최대 2인,퀸 침대,금연객실"),
(2,"Premium",2,2,89800,"20:00","12:00","2인 /최대 2인,더블 침대,금연객실"),
(2,"Suite",2,2,149800,"20:00","12:00","2인 /최대 2인,킹 침대,금연객실"),
(2,"Royal Suite",2,2,169800,"20:00","12:00","2인 /최대 2인,킹 침대,금연객실"),
(3,"당일특가",2,2,55000,"22:00","15:00","2인 /최대 2인,퀸 침대,금연객실"),
(3,"무비룸 오픈특가",2,2,75000,"18:00","15:00","2인 /최대 2인,퀸 침대"),
(3,"디럭스 오픈특가",2,2,65000,"20:00","15:00","2인 /최대 2인,퀸 침대"),
(3,"스탠다드 오픈특가",2,2,50000,"20:00","15:00","2인 /최대 2인,퀸 침대"),
(3,"디럭스 트윈 오픈특가",2,2,65000,"18:00","15:00","2인 /최대 2인,퀸 침대,싱글 침대"),
(3,"스탠다드 트윈 오픈특가",2,2,65000,"18:00","15:00","2인 /최대 2인"),
(3,"스탠다드 롱타임",2,2,75000,"12:00","15:00","2인 /최대 2인,금연객실"),
(3,"스탠다드 게임룸",2,2,55000,"18:00","15:00","2인 /최대 2인,퀸 침대"),
(3,"트윈 스위트 오픈특가",2,3,80000,"18:00","15:00","2인 /최대 3인,퀸 침대"),
(3,"프리미엄 디럭스 오픈특가",2,2,70000,"18:00","15:00","2인 /최대 2인,퀸 침대"),
(3,"프리미엄 스위트 3PC",2,2,130000,"18:00","15:00","2인 /최대 2인,퀸 침대"),
(3,"프리미엄 스위트 오픈특가",2,2,80000,"18:00","15:00","2인 /최대 2인,퀸 침대"),
(4,"DELUXE",2,2,50000,"17:00","12:00","2인 /최대 2인,더블 침대,금연객실"),
(4,"STANDARD",2,2,40000,"17:00","12:00","2인 /최대 2인,금연객실"),
(4,"STANDARD133",2,2,45000,"17:00","12:00","2인 /최대 2인,더블 침대,금연객실"),
(4,"스위트698",2,2,60000,"17:00","12:00","2인 /최대 2인,금연객실"),
(4,"SUITE TWIN",2,2,60000,"17:00","12:00","2인 /최대 2인,퀸 침대,싱글 침대,금연객실"),
(4,"레이트체크인EVENT",2,2,35000,"20:00","12:00","2인 /최대 2인,금연객실"),
(4,"얼리체크인EVENT",2,2,50000,"17:00","12:00","2인 /최대 2인,금연객실"),
(4,"스위트",2,2,65000,"17:00","12:00","2인 /최대 2인,더블 침대,금연객실"),
(4,"DELUXE734",2,2,50000,"17:00","12:00","2인 /최대 2인,금연객실"),
(5,"3인 길드룸 PC",3,4,80000,"14:00","14:00","3인 /최대 4인,퀸 침대"),
(5,"VIP 커플PC",2,2,30000,"7시간","10:00 ~ 23:00","2인 /최대 2인,퀸 침대"),
(5,"디럭스 고사양 1인PC",2,2,45000,"14:00","14:00","2인 /최대 2인,퀸 침대"),
(5,"스위트B",5,6,180000,"16:00","14:00","5인 /최대 6인,퀸 침대"),
(5,"미니룸 고사양1PC",2,2,15000,"6시간","10:00 ~ 21:00","2인 /최대 2인,퀸 침대"),
(5,"스위트A",5,6,65000,"7시간","12:00 ~ 22:00","5인 /최대 6인,퀸 침대"),
(5,"스탠다드 고사양 1인PC",2,2,20000,"8시간","10:00 ~ 23:00","2인 /최대 2인,퀸 침대"),
(5,"안마특실고사양1PC",2,2,55000,"23:00","14:00","2인 /최대 2인,퀸 침대"),
(5,"프리미엄 커플PC A",2,2,27000,"7시간","10:00 ~ 23:00","2인 /최대 2인,퀸 침대"),
(5,"이벤트 할인특가 랜덤배정",2,2,25000,"9시간","12:00 ~ 23:00","2인 /최대 2인,퀸 침대"),
(5,"프리미엄 커플PC B",2,2,50000,"14:00","14:00","2인 /최대 2인,퀸 침대"),
(6," 내맘대로 12시간 STAY 디럭스 프리미엄",2,2,88000,"10:00","00:00","2인 /최대 2인,금연객실"),
(6," 내맘대로 12시간 STAY 점보 트윈 ",2,3,85000,"10:00","00:00","2인 /최대 3인,금연객실"),
(6," 점보 트윈 ",2,3,154000,"15:00","12:00","2인 /최대 3인,금연객실"),
(6," 디럭스 더블",2,2,154000,"15:00","12:00","2인 /최대 2인,금연객실"),
(6," 헐리웃 더블815",2,2,110000,"15:00","12:00","2인 /최대 2인,금연객실"),
(6,"디럭스 더블",2,2,137500,"15:00","12:00","2인 /최대 2인,금연객실"),
(6," 디럭스 트윈",2,2,121000,"15:00","12:00","2인 /최대 2인,금연객실"),
(6," 헐리웃 더블",2,2,91350,"15:00","12:00","2인 /최대 2인,금연객실"),
(6," 스탠다드 더블",2,2,143000,"15:00","12:00","2인 /최대 2인,금연객실"),
(6,"디럭스 프리미엄",2,2,135000,"15:00","12:00","2인 /최대 2인,금연객실"),
(6,"스탠다드 더블",2,2,132000,"15:00","12:00","2인 /최대 2인,금연객실"),
(6,"점보 트윈 ",2,3,137500,"15:00","12:00","2인 /최대 3인,금연객실"),
(7,"Movie & 더블",2,2,46000,"15:00","11:00","2인 /최대 2인,금연객실"),
(7,"디럭스 더블",2,2,23000,"4시간","10:00 ~ 19:00","2인 /최대 2인,퀸 침대,금연객실"),
(7,"Movie & 패밀리 트윈",3,5,66000,"15:00","11:00","3인 /최대 5인,금연객실"),
(7,"디럭스 트윈",2,4,50000,"15:00","11:00","2인 /최대 4인,금연객실"),
(7,"디럭스 더블 24시간 스테이",2,2,46000,"13:00","13:00","2인 /최대 2인,금연객실"),
(7,"머물다 가요 특가 day Use 6시간 랜덤 배정",2,2,30000,"6시간","10:00 ~ 19:00","2인 /최대 2인,금연객실"),
(7,"제주항 특가 꿀잠 4시간 스테이 랜덤 배정",2,2,23000,"4시간","10:00 ~ 19:00","2인 /최대 2인,금연객실"),
(7,"Movie & 프리미엄 스위트",3,5,63900,"15:00","11:00","3인 /최대 5인,퀸 침대,금연객실"),
(7,"제주공항 픽업서비스",2,2,10000,"18:00","22:00","2인 /최대 2인,금연객실"),
(8,"Standard A",2,2,75000,"23:00","12:00","2인 /최대 2인,금연객실"),
(8,"Standard 도보전용",2,2,65000,"22:00","12:00","2인 /최대 2인,퀸 침대"),
(8,"Standard B",2,2,80000,"22:00","12:00","2인 /최대 2인,금연객실"),
(9,"디럭스",2,3,120000,"14:00","12:00","2인 /최대 3인,금연객실"),
(9,"스탠다드",2,3,90000,"14:00","12:00","2인 /최대 3인,금연객실"),
(9,"스위트",2,4,160000,"14:00","12:00","2인 /최대 4인,금연객실"),
(10,"디럭스 더블",2,2,85000,"15:00","11:00","2인 /최대 2인,금연객실"),
(10,"로얄 그랜드 스위트",4,4,330000,"15:00","11:00","4인 /최대 4인,금연객실"),
(10,"디럭스 트리플",3,4,113000,"15:00","11:00","3인 /최대 4인,금연객실"),
(10,"디럭스 패밀리 트윈",2,3,102000,"15:00","11:00","2인 /최대 3인,금연객실"),
(10,"로얄 탑스텐 스위트",4,4,390000,"15:00","11:00","4인 /최대 4인,금연객실"),
(10,"로얄 슈페리어 스위트",4,4,300000,"15:00","11:00","4인 /최대 4인,금연객실"),
(10,"로얄 컴포트 스위트",6,6,420000,"15:00","11:00","6인 /최대 6인,금연객실"),
(10,"패밀리 스위트",6,8,210000,"15:00","11:00","6인 /최대 8인,금연객실"),
(10,"프리미어 스위트",4,6,164000,"15:00","11:00","4인 /최대 6인,금연객실"),
(10,"주니어 스위트",4,5,137000,"15:00","11:00","4인 /최대 5인,금연객실"),
(11,"A201",2,4,89000,"15:00","11:00","2인 /최대 4인,퀸 침대,금연객실"),
(11,"B102",2,8,99000,"15:00","11:00","2인 /최대 8인,퀸 침대,금연객실"),
(11,"A204",2,4,89000,"15:00","11:00","2인 /최대 4인,퀸 침대,금연객실"),
(11,"A102",2,8,99000,"15:00","11:00","2인 /최대 8인,퀸 침대,금연객실"),
(11,"A203",2,4,89000,"15:00","11:00","2인 /최대 4인,퀸 침대,금연객실"),
(11,"B202",2,4,89000,"15:00","11:00","2인 /최대 4인,퀸 침대,금연객실"),
(11,"B101",2,8,99000,"15:00","11:00","2인 /최대 8인,퀸 침대,금연객실"),
(11,"B203",2,4,89000,"15:00","11:00","2인 /최대 4인,퀸 침대,금연객실"),
(11,"B201",2,4,89000,"15:00","11:00","2인 /최대 4인,퀸 침대,금연객실"),
(11,"B204",2,4,89000,"15:00","11:00","2인 /최대 4인,퀸 침대,금연객실"),
(11,"A202",2,4,89000,"15:00","11:00","2인 /최대 4인,퀸 침대,금연객실"),
(12,"102호 에메랄드의성",5,6,100000,"15:00","11:00","5인 /최대 6인,금연객실"),
(12,"203호 나무꾼의심장",5,6,100000,"15:00","11:00","5인 /최대 6인,금연객실"),
(12,"201호 오즈의길",2,3,60000,"15:00","11:00","2인 /최대 3인,금연객실"),
(12,"202호 캔자스농장",4,5,80000,"15:00","11:00","4인 /최대 5인,금연객실"),
(12,"301호 사자의 용기",2,3,60000,"15:00","11:00","2인 /최대 3인,금연객실"),
(12,"204호 착한마녀",4,4,60000,"15:00","11:00","4인 /최대 4인,금연객실"),
(12,"103호 토토의시간",4,4,60000,"15:00","11:00","4인 /최대 4인,금연객실"),
(12,"302호 무지개파티",4,5,80000,"15:00","11:00","4인 /최대 5인,금연객실"),
(12,"303호 노란벽돌",1,0,200000,"15:00","11:00","10인 /최대 12인,금연객실"),
(12,"304호 허수아비의지혜",8,9,150000,"15:00","11:00","8인 /최대 9인,금연객실"),
(13,"13평",2,3,55300,"15:00","11:00","2인 /최대 3인,금연객실"),
(13,"20평",4,5,90000,"15:00","11:00","4인 /최대 5인,금연객실"),
(13,"23평",5,6,100000,"15:00","11:00","5인 /최대 6인,금연객실"),
(14,"301호",2,3,90000,"15:00","11:00","2인 /최대 3인,금연객실"),
(14,"302호",2,3,90000,"15:00","11:00","2인 /최대 3인,금연객실"),
(14,"303호",2,3,90000,"15:00","11:00","2인 /최대 3인,금연객실"),
(14,"403호",2,3,90000,"15:00","11:00","2인 /최대 3인,금연객실"),
(14,"402호",2,3,90000,"15:00","11:00","2인 /최대 3인,금연객실"),
(14,"401호",2,3,90000,"15:00","11:00","2인 /최대 3인,금연객실"),
(15,"A101",2,2,59400,"15:00","11:00","2인 /최대 2인,금연객실"),
(15,"A202",2,4,72900,"15:00","11:00","2인 /최대 4인,금연객실"),
(15,"A201",2,4,75000,"15:00","11:00","2인 /최대 4인,금연객실"),
(15,"A102",2,4,62100,"15:00","11:00","2인 /최대 4인,금연객실"),
(15,"VIP301",2,6,138000,"15:00","11:00","2인 /최대 6인,금연객실"),
(15,"B101",2,4,89100,"15:00","11:00","2인 /최대 4인,금연객실"),
(15,"B201",2,4,83700,"15:00","11:00","2인 /최대 4인,금연객실"),
(16,"A동 -NO4",2,4,50000,"15:00","11:00","2인 /최대 4인,퀸 침대,금연객실"),
(16,"A동-NO3",2,2,60000,"15:00","11:00","2인 /최대 2인,퀸 침대,금연객실"),
(16,"A동-NO5",2,3,50000,"15:00","11:00","2인 /최대 3인,퀸 침대,금연객실"),
(16,"A동-NO2",2,2,60000,"15:00","11:00","2인 /최대 2인,퀸 침대,금연객실"),
(16,"A동-NO5-1",2,3,60000,"15:00","11:00","2인 /최대 3인,퀸 침대,금연객실"),
(16,"B동-No4-2",2,4,50000,"15:00","11:00","2인 /최대 4인,퀸 침대,금연객실"),
(16,"B동- NO1",2,3,45000,"15:00","11:00","2인 /최대 3인,퀸 침대,금연객실"),
(16,"A동-NO2-1",2,3,60000,"15:00","11:00","2인 /최대 3인,퀸 침대,금연객실"),
(16,"B동-카페월풀A",2,2,70000,"15:00","11:00","2인 /최대 2인,퀸 침대,금연객실"),
(16,"R동 로뎀커플-1",2,4,50000,"15:00","11:00","2인 /최대 4인,퀸 침대,금연객실"),
(16,"R동 로뎀커플-3",2,4,50000,"15:00","11:00","2인 /최대 4인,퀸 침대,금연객실"),
(16,"R동 로뎀커플-2",2,4,50000,"15:00","11:00","2인 /최대 4인,퀸 침대,금연객실"),
(17,"3인실",3,3,70000,"15:00","11:00","3인 /최대 3인,금연객실"),
(17,"4인실",4,4,80000,"15:00","11:00","4인 /최대 4인,금연객실"),
(17,"디럭스트윈룸",2,2,35000,"15:00","11:00","2인 /최대 2인,싱글 침대,금연객실"),
(17,"더블룸",2,2,34000,"15:00","11:00","2인 /최대 2인,더블 침대,금연객실"),
(17,"싱글룸",1,1,29000,"15:00","11:00","1인 /최대 1인,싱글 침대,금연객실"),
(17,"벙크트윈룸",2,2,33000,"15:00","11:00","2인 /최대 2인,2층 침대,금연객실"),
(17,"여성 도미토리",1,1,20000,"15:00","11:00","1인 /최대 1인,금연객실"),
(17,"혼성 도미토리",1,1,20000,"15:00","11:00","1인 /최대 1인,금연객실"),
(17,"패밀리룸",3,3,65000,"15:00","11:00","3인 /최대 3인,금연객실"),
(18,"2인동시결제-남자6인도미토리",2,2,50000,"17:00","12:00","2인 /최대 2인,2층 침대,금연객실"),
(18,"남자 4인 도미토리",1,2,25000,"17:00","12:00","1인 /최대 2인,2층 침대,금연객실"),
(18,"3인동시결제-남자6인도미토리",3,3,75000,"17:00","12:00","3인 /최대 3인,2층 침대,금연객실"),
(18,"2인동시결제-여자 6인도미토리",2,2,50000,"17:00","12:00","2인 /최대 2인,2층 침대,금연객실"),
(18,"남자 6인 도미토리",1,6,25000,"17:00","12:00","1인 /최대 6인,2층 침대,금연객실"),
(18,"야외요가 + 여자 6인 도미토리",1,6,95000,"17:00","12:00","1인 /최대 6인,2층 침대,금연객실"),
(18,"4인동시결제-남자6인도미토리",4,4,100000,"17:00","12:00","4인 /최대 4인,2층 침대,금연객실"),
(18,"야외요가 + 남자 6인 도미토리",1,6,95000,"17:00","12:00","1인 /최대 6인,2층 침대,금연객실"),
(19,"5인 패밀리룸",5,5,75000,"14:00","11:00","5인 /최대 5인,금연객실"),
(19,"남성 3인 도미토리",1,1,18000,"14:00","11:00","1인 /최대 1인,금연객실"),
(19,"남성 5인 도미토리",1,1,15000,"14:00","11:00","1인 /최대 1인,금연객실"),
(19,"싱글룸",1,1,35000,"14:00","11:00","1인 /최대 1인,싱글 침대,금연객실"),
(19,"더블룸",2,2,42000,"14:00","11:00","2인 /최대 2인,더블 침대,금연객실"),
(19,"여성 5인 도미토리",1,1,15000,"14:00","11:00","1인 /최대 1인,금연객실"),
(19,"트리플룸",3,3,54000,"14:00","11:00","3인 /최대 3인,금연객실"),
(19,"트윈룸",2,2,42000,"14:00","11:00","2인 /최대 2인,싱글 침대,금연객실"),
(19,"트윈룸 2층침대",2,2,30000,"14:00","11:00","2인 /최대 2인,금연객실"),
(19,"여성 3인 도미토리",1,1,18000,"14:00","11:00","1인 /최대 1인,금연객실"),
(19,"싱글룸 2층침대",1,1,25000,"14:00","11:00","1인 /최대 1인,금연객실"),
(20,"2인 더블",2,2,50000,"15:00","11:00","2인 /최대 2인,킹 침대,금연객실"),
(20,"2인 트윈",2,2,50000,"15:00","11:00","2인 /최대 2인,슈퍼싱글 침대,금연객실"),
(20,"남 4인 도미토리",1,1,22000,"15:00","11:00","1인 /최대 1인,2층 침대,금연객실"),
(20,"여 4인 도미토리",1,1,22000,"15:00","11:00","1인 /최대 1인,2층 침대,금연객실"),
(20,"남 6인 도미토리",1,1,19000,"15:00","11:00","1인 /최대 1인,2층 침대,금연객실"),
(20,"여 6인 도미토리",1,1,19000,"15:00","11:00","1인 /최대 1인,2층 침대,금연객실");


INSERT INTO `RESERVATION_STATE` (`orderStatus`)
VALUES
("이용 전"),
("이용 중"),
("이용 완료"),
("취소");



INSERT INTO `RESERVATION` (`memberNum`,`accomNum`, `roomNum`, `reserveStatus`,`orderDate`,`useStartDate`,`useEndDate`,`price`)
VALUES
(1, 3, 1, 1, "2022-10-06", "2022-10-20", "2022-10-25", 55000),
(1, 11, 2, 1, "2022-10-16", "2022-10-26", "2022-10-27", 99000),
(3, 4, 3, 1, "2022-11-06", "2022-11-20", "2022-11-25", 45000),
(4, 5, 1, 1, "2022-12-06", "2022-12-12", "2022-12-14", 50000),
(5, 16, 2, 1, "2022-10-06", "2022-10-10", "2022-10-15", 60000),
(6, 7, 1, 1, "2022-11-18", "2022-11-20", "2022-11-25", 46000),
(8, 8, 2, 1, "2022-10-26", "2022-10-27", "2022-10-28", 65000),
(8, 9, 1, 1, "2022-11-06", "2022-11-23", "2022-11-25", 120000),
(9, 15, 1, 1, "2022-10-01", "2022-10-20", "2022-10-25", 59400),
(10, 13, 3, 1, "2022-12-01", "2022-12-20", "2022-12-25", 100000);


INSERT INTO `ROOM_RESERVATION_INFO` (`accomNum`,`roomNum`, `useStart`, `useEnd`)
VALUES
(3, 1, "2022-10-20", "2022-10-24"),
(11, 2,"2022-10-26", "2022-10-26"),
(4, 3, "2022-11-20", "2022-11-26"),
(5, 1, "2022-12-12", "2022-12-13"),
(16, 2, "2022-10-10", "2022-10-14"),
(7, 1, "2022-11-20", "2022-11-24"),
(8, 2, "2022-11-23", "2022-11-24"),
(15, 1, "2022-10-20", "2022-10-24"),
(13, 3, "2022-12-20", "2022-12-24");


INSERT INTO `CART` (`memberNum`,`accomNum`, `roomNum`, `useStart`, `useEnd`,`price`)
VALUES
(1, 1,1, "2022-11-20", "2022-11-24", 30000),
(1, 2,3,"2022-12-26", "2022-12-26", 89800),
(2, 3,2, "2022-10-20", "2022-10-26", 75000),
(3, 4,1, "2022-11-12", "2022-11-13", 80000),
(4, 16,5, "2022-11-10", "2022-11-14", 60000),
(5, 11,1, "2022-12-20", "2022-12-24", 89000),
(6, 19,4, "2022-12-23", "2022-12-24", 35000),
(7, 5,1, "2022-11-20", "2022-11-24", 50000),
(8, 9,2, "2022-10-20", "2022-10-24", 90000);


INSERT INTO `FACILITIES` (`facilityName`)
VALUES
("주차가능"),
("바다전망"),
("조식운영(뷔페)"),
("해수욕장 인근"),
("무료영화(OTT)"),
("파티룸"),
("와이파이"),
("파티가능"),
("객실금연"),
("공용주방"),
("공용거실"),
("도미토리"),
("어메니티"),
("유료세탁"),
("상비약"),
("수화물보관"),
("PC라운지"),
("커플룸"),
("피트니스"),
("비즈니스"),
("트윈베드"),
("루프탑"),
("흡연구역"),
("부티크 브랜드"),
("야외수영장"),
("레스토랑"),
("24시간 데스크"),
("객실내PC"),
("VOD"),
("고사양PC"),
("공기청정기"),
("야외테라스"),
("패밀리"),
("커피숍"),
("스파/월풀/욕조"),
("거울룸"),
("식사가능"),
("커플PC"),
("노래방"),
("게임"),
("개별바베큐"),
("수영장"),
("바베큐"),
("복층구조"),
("매점/편의점"),
("이벤트가능"),
("독채객실"),
("기본양념"),
("풀빌라");


INSERT INTO `WISHLIST` (`memberNum`, `accomNum`)
VALUES
(1, 12),
(1, 1),
(2, 11),
(2, 4),
(2, 5),
(3, 6),
(3, 17),
(4, 8),
(4, 9),
(5, 1),
(5, 2),
(6, 13),
(7, 3),
(8, 4),
(9, 5),
(9, 6);


INSERT INTO `ACCOM_VIEW_FACILITIES` (`accomNum`, `facilities`)
VALUES
(1, 12),
(1, 1),
(2, 11),
(2, 24),
(2, 35),
(3, 46),
(3, 17),
(4, 8),
(4, 9),
(5, 11),
(5, 2),
(6, 13),
(7, 23),
(8, 4),
(9, 5),
(9, 6),
(9, 36),
(10, 6),
(10, 7),
(11, 12),
(11, 1),
(12, 11),
(12, 44),
(12, 50),
(13, 6),
(13, 17),
(14, 18),
(14, 19),
(15, 3),
(15, 34),
(16, 15),
(17, 48),
(18, 4),
(19, 15),
(19, 6);


INSERT INTO `REVIEW` (`memberNum`, `accomNum`,`roomNum`,`orderNum`,`reviewRating`,`reviewCreated`,`reviewContent` )
VALUES
(1,	3,	1,	1, 2.5, "2022-10-26", "Automatic context help is disabled. Use the toolbar to manually get help for the current caret position or to toggle automatic help."),
(1,	11,	2,	2, 3.0, "2022-10-28", "[JavaScript] 현재 위치를 지도에 찍어주는 Geolocationhttps"),
(3,	4,	3,	3, 4.0, "2022-11-25", "구글 맵을 API로 가져오려면 billing 결제 정보를 업데이트하고 confirm을 받아야 온전한 지도, marker 까지 표시할 수 있다. 아직 나의 결제 정보는 confirm 중이여"),
(4,	5,	1,	4, 3.5, "2022-12-14", "현재 창의 최 상단으로부터 내가 스크롤 이벤트 주려는 div의 최상단 = 1500"),
(5,	16,	2,	5, 2.5, "2022-10-16", "그리고 javascript를 사용할 때 좀더 편리하게 사용하기 위해서 다음과 같은 코드를 사용하고는 합니다. const map = {};  insert key-value-pair map[' ."),
(6,	7,	1,	6, 2.5, "2022-11-30", "포항시는 대한민국 경상북도 동해안에 있는 시이다. 시의 중심으로 흐르는 형산강이 영일만에 유입되면서 넓은 충적평야를 형성하고 있다."),
(8,	8,	2,	7, 4.0, "2022-10-29", "김천시는 대한민국 경상북도 서부에 있는 시이다. 동쪽은 금오산, 서쪽은 황악산으로 소백산맥의 일맥이 산악 지대이다. "),
(8,	9,	1,	8, 1.0, "2022-11-27", "경부고속도로와 경부선이 지나며, 대전과 대구의 중간 지점에 있다. 율곡동 일원에는 한국도로공사 등이 이전하여 혁신도시가 조성되고 있다."),
(9,	15,	1,	9, 3.5, "2022-10-29", "1968년부터 포항제철이 조성되면서 철강 산업을 기반으로 경상북도 에서 많이 발전했고, 주민등록 인구는 약 50만명이다.위키백과"),
(10, 13, 3,	10, 3.0, "2022-12-31", "군산시는 대한민국 전라북도 북서부 해안가에 있는 시이다.");



INSERT INTO `REPLY` (`memberNum`, `accomNum`,`roomNum`,`orderNum`, `reviewNum`,`replyCreate`,`replyContent`)
VALUES
(1,	3,	1,	1, 9, "2022-10-26", "Automatic context help is disabled. Use the toolbar to manually get help for the current caret position or to toggle automatic help."),
(1,	11,	2,	2, 3, "2022-10-28", "[JavaScript] 현재 위치를 지도에 찍어주는 Geolocationhttps"),
(3,	4,	3,	3, 1, "2022-11-25", "구글 맵을 API로 가져오려면 billing 결제 정보를 업데이트하고 confirm을 받아야 온전한 지도, marker 까지 표시할 수 있다. 아직 나의 결제 정보는 confirm 중이여"),
(4,	5,	1,	4, 5, "2022-12-14", "현재 창의 최 상단으로부터 내가 스크롤 이벤트 주려는 div의 최상단 = 1500"),
(5,	16,	2,	5, 2, "2022-10-16", "그리고 javascript를 사용할 때 좀더 편리하게 사용하기 위해서 다음과 같은 코드를 사용하고는 합니다. const map = {};  insert key-value-pair map[' ."),
(6,	7,	1,	6, 4, "2022-11-30", "포항시는 대한민국 경상북도 동해안에 있는 시이다. 시의 중심으로 흐르는 형산강이 영일만에 유입되면서 넓은 충적평야를 형성하고 있다."),
(8,	8,	2,	7, 6, "2022-10-29", "김천시는 대한민국 경상북도 서부에 있는 시이다. 동쪽은 금오산, 서쪽은 황악산으로 소백산맥의 일맥이 산악 지대이다. "),
(8,	9,	1,	8, 7, "2022-11-27", "경부고속도로와 경부선이 지나며, 대전과 대구의 중간 지점에 있다. 율곡동 일원에는 한국도로공사 등이 이전하여 혁신도시가 조성되고 있다."),
(9,	15,	1,	9, 8, "2022-10-29", "1968년부터 포항제철이 조성되면서 철강 산업을 기반으로 경상북도 에서 많이 발전했고, 주민등록 인구는 약 50만명이다.위키백과"),
(10, 13, 3,	10, 10, "2022-12-31", "군산시는 대한민국 전라북도 북서부 해안가에 있는 시이다.");


-- 게시판 카테고리
INSERT INTO `BOARD_CATEGORY` (`boardCategoryName`, `boardParentNum`)
VALUES
("공지사항",0),
("이벤트", 0),
("오늘어때 정보", 0),
("FAQ", 0),
("상품/서비스", 2),
("예약/결제", 2),
("변경/취소/환불", 2),
("쿠폰/할인", 2),
("포인트", 2),
("후기/댓글", 2),
("회원/개인정보", 2);

-- 게시판
INSERT INTO `BOARD` (`boardCategoryNum`,`boardTitle`,`boardContent`,`boardCreate`) VALUES
( 1, "전자금융거래 이용약관 안내 (2022.9.27)", "안녕하세요, 야놀자입니다.2022년 9월 27일자로 야놀자 전자금융 선불 서비스가 신규 런칭함에 따라, 전자금융거래 이용약관이 추가되어 안내드립니다.상세 내용은 아래 약관 전문을 통하여 확인 가능하오니 이용에 참고 부탁드립니다.-  적용일자: 2022년 9월 27일-  전문: 전자금융거래 이용약관 [자세히 보기]이용약관 동의 후 기존과 동일하게 야놀자 포인트 서비스 이용이 가능하오니, 고객님께서는 새롭게 추가된 이용약관을 확인하시어 이후 서비스 이용에 불편 없으시길 바랍니다.감사합니다.", "22.09.27" ),
( 1, "ID 계정 사용 종료 최종 안내", "안녕하세요, 야놀자입니다.일반 ID 계정의 사용 가능 기간이 곧 종료됩니다.2022. 7. 1. 14:00 이후에는 일반 ID 계정의 사용이 불가하오니,일반 ID 계정의 회원들께서는 원활한 서비스 이용을 위하여 2022. 7. 1. 13:59 이내에 이메일 계정으로 가입하여 주시기 바랍니다.일반 ID 계정 사용 종료와 관련한 상세한 사항은 아래 이전 공지사항을 참고해 주세요.본 공지와 관련한 문의사항은 야놀자 고객센터(1644-1346)로 연락 부탁드립니다.감사합니다.", "22.06.23" ),
( 1, "채권자 이의제출 공고", "주식회사 야놀자는 상법 527조의3에 의거하여 봉봉랩 주식회사와의 합병계약을 2018년 11월 29일 개최한 이사회에서 승인 결의 하였기에 공고하오니 합병결의에 이의가 있는 채권자께서는 공고게재 다음날로부터 1개월이내 이의를 제출하여 주시기 바랍니다.   2018.  11.  30.  주식회사 야놀자서울특별시 강남구 테헤란로 108길 42 (대치동, 엠디엠타워)대표이사 이 수 진", "18.11.30" ),
( 1, "(주)야놀자트래블 합병에 따른 이용계약 및 개인정보 승계 안내", "안녕하세요. 야놀자입니다. (주)야놀자는 2018년 11월 1일자로 더 나은 서비스 제공 및 경쟁력 강화를 위해 (주)야놀자트래블을 합병합니다. 이에 따라 야놀자트래블 서비스의 지속적이고 원활한 서비스 제공을 위해 (주)야놀자트래블과의 이용계약 및 보유중인 개인정보, 그리고 본건 서비스 이용에 관련된 제반 권리와 의무를 위 일시에 (주)야놀자가 승계할 예정입니다. - 법인명: (주)야놀자- 주소: 서울특별시 강남구 테헤란로 108길 42- 전화: 1644-1346 합병 후에도 야놀자 서비스를 기존과 동일한 방식으로 아무런 불편 없이 계속 이용하실 수 있습니다.(주)야놀자는 이전되는 개인정보를 안전하게 관리하고 기존과 동일하게 동의하신 범위 내에서만 이용합니다. 서비스 이용계약의 승계 또는 개인정보 이전을 원치 않으시거나 개인정보 이용동의의 철회를 원하시는 경우 회원탈퇴를 하시거나 고객센터로 연락주시면 정성을 다해 처리해드리겠습니다. 감사합니다. [고객센터 : help@yanolja.com | 1644-1346] (주)야놀자는 더 나은 서비스 제공을 위해 항상 최선을 다하겠습니다.앞으로도 지속적인 서비스 이용과 관심 부탁드립니다.", "18.11.01" ),
( 1, "소규모 합병 공고", "본사는 봉봉랩 주식회사와 2018년 11월 5일 합병계약을 체결하고 상법 제527조의 3조에 의거해 그 내용을 아래와 같이 공고합니다.  1. 합병방법 : 주식회사 야놀자가  봉봉랩 주식회사를 흡수합병함2. 소멸회사의 현황(1) 상호 : 봉봉랩 주식회사(2) 본점 : 서울특별시 강남구 테헤란로 108길 42 (대치동, 엠디엠타워)3. 합병기일 : 2019년 1월 1일4. 주식회사 야놀자와 봉봉랩 주식회사의 합병은 상법 제527조의3 규정에 의하여 주주총회 승인을 얻지 아니하고 이사회 결의로서 합병합니다. 5. 반대의사표시 행사에 대한 안내(1) 행사절차 : 2018년 11월 13일 현재 주주명부 상에 등재되어 있는 주주를 대상으로 하여 합병에 대해 반대하는 주주는 반대의사표시통지서를 기재하여 제출하여야 합니다. (2) 기간 :2018년 11월 14일~2018년 11월 28일(3) 행사방법 및 장소 : 본사에 제출  2018년  11월  13일 주식회사 야놀자서울특별시 강남구 테헤란로 108길 42 (대치동, 엠디엠타워)대표이사 이 수 진", "18.11.13" ),
( 1, "야놀자 개인정보처리방침 개정 공지(2018.11.01)", "\t안녕하세요. 야놀자입니다.보다 나은 서비스 제공을 위해 야놀자의 개인정보처리방침이 다음과 같이 변경됨을 알려 드립니다.▶ 개인정보처리방침 변경 및 시행일 : 2018년 11월 1일▶ 개인정보처리방침 변경 내용변경 전변경 후제 1 조 (목적)2. (주)야놀자(이하 회사라 함)는 귀하의 개인정보보호를 매우 중요시하며, 『개인정보보호법』, 『정보통신망이용촉진 및 정보보호에 관한 법률』상의 개인정보보호규정 및 정보통신부가 제정한 『개인정보보호지침』을 준수하고 있습니다. 회사는 개인정보 처리방침을 통하여 귀하께서 제공하시는 개인정보가 어떠한 용도와 방식으로 이용되고 있으며, 개인정보보호를 위해 어떠한 조치가 취해지고 있는지 알려드립니다.제 1 조 (목적)2. (주)야놀자(이하 회사라 함)는 귀하의 개인정보보호를 매우 중요시하며, 『개인정보보호법』, 『정보통신망 이용촉진 및 정보보호에 관한 법률』상의 개인정보보호규정 및 방송통신위원회가 제정한 『개인정보보호지침』을 준수하고 있습니다. 회사는 개인정보 처리방침을 통하여 귀하께서 제공하시는 개인정보가 어떠한 용도와 방식으로 이용되고 있으며, 개인정보보호를 위해 어떠한 조치가 취해지고 있는지 알려드립니다.4. 회사는 개인정보처리방침을 사이트 첫 화면에 공개함으로써 회원님께서 언제나 용이하게 보실 수 있도록 조치하고 있습니다.4. 회사는 개인정보처리방침을 사이트 첫 화면 또는 첫 화면과의 연결화면을 통해 공개함으로써 이용자가 언제나 용이하게 보실 수 있도록 조치하고 있습니다.제 2 조 (개인정보 수집 이용 보유 파기)1. 회사는 별도의 회원가입 절차 없이 대부분의 컨텐츠에 자유롭게 접근할 수 있습니다. 그러나 회사는 맞춤형 서비스를 제공하기 위하여 회원서비스 및 제휴사를 통해 이용자의 정보를 수집하고 있습니다. 회사의 회원제 서비스를 이용하시고자 할 경우 다음의 정보를 입력해주셔야 하며 선택항목을 입력하시지 않았다 하여 서비스 이용에 제한은 없습니다.제 3 조 (개인정보 수집∙이용 목적 및 수집항목 등)1.이용자는 별도의 회원가입 절차 없이 대부분의 컨텐츠에 자유롭게 접근할 수 있습니다. 그러나 회사는 맞춤형 서비스를 제공하기 위하여 회원서비스 및 제휴사를 통해 이용자의 정보를 수집하고 있습니다. 회사의 회원제 서비스를 이용하시고자 할 경우 다음의 필수정보를 입력해주셔야 하며, 선택항목을 입력하시지 않았다 하여 서비스 이용에 제한은 없습니다.1) 개인회원이용목적이용항목보유 파기1) 개인회원수집∙이용목적수집∙이용항목보유 및 파기2) 판매자이용목적이용항목보유 파기2) 판매자수집∙이용목적수집∙이용항목보유 및 파기4) 장기미이용 회원(4) 회원가입 시 장기 미접속시에도 계정 유지를 선택한 회원은 장기미이용 회원이 되더라도 즉시 탈퇴 처리되지 않으며, 회원이 직접 탈퇴 신청할 때까지 개인정보를 보관합니다.4) 장기미이용 회원(4) 회원가입 시 장기 미접속시에도 계정 유지를 선택한 회원은 장기미이용 회원이 되더라도 회원이 선택한 기간 동안 탈퇴 처리되지 않으며, 회원이 선택한 기간 또는 회원이 직접 탈퇴 신청할 때까지 개인정보를 보관합니다.6) 개인정보 수집 방법: 홈페이지, 서비스 이용, 이벤트 응모, 경품 신청, 전화, 팩스, 제휴사로부터 제공받음, 생성정보 수집 툴을 통한 수집(삭제)3. 회원님의 개인정보는 서비스를 이용하는 시점부터 서비스를 제공하는 기간 동안에만 제한적으로 이용하고 있습니다. 이용자가 회원탈퇴를 요청하거나 회원님의 마지막 로그인 일시를 기준으로 1년이 초과되어 회원님의 계정이 휴면계정으로 전환될 경우, 제공한 개인정보의 수집 및 이용에 대한 동의를 철회하는 경우, 또는 수집 및 이용목적이 달성되거나 보유 및 이용기간이 종료한 경우 해당 이용자의 개인정보는 지체 없이 파기 됩니다.3. 회원님의 개인정보는 서비스를 이용하는 시점부터 서비스를 제공하는 기간 동안에만 제한적으로 이용하고 있습니다. 이용자가 회원탈퇴를 요청하거나 회원님의 마지막 로그인 일시를 기준으로 1년이 초과되어 회원님의 계정이 탈퇴 처리되는 경우, 제공한 개인정보의 수집 및 이용에 대한 동의를 철회하는 경우, 또는 수집 및 이용목적이 달성되거나 보유 및 이용기간이 종료한 경우 해당 이용자의 개인정보는 지체 없이 파기 됩니다.4. 회원님의 동의를 받아 보유하고 있는 거래정보 등을 회원님께서 열람을 요구하시는 경우 회사는 지체 없이 그 열람 확인 할 수 있도록 조치합니다.4. 회원님의 동의를 받아 보유하고 있는 거래정보 등을 회원님께서 열람을 요구하시는 경우 회사는 지체 없이 그 내역을 열람∙확인 할 수 있도록 조치합니다.제 3 조 (개인정보 수집에 대한 동의)회사는 회원님께서 회사의 개인정보처리방침 또는 이용약관의 내용에 대해 ‘동의함’ 또는 ‘동의하지 않음’을 클릭할 수 있는 절차를 마련하여 ‘동의함’을 클릭하면 개인정보 수집에 대해 동의한 것으로 봅니다. 단, 회사는 다음 각 호의 어느 하나에 해당하는 경우에는 법령에 따라 이와 같은 동의 없이 이용자의 개인정보를 수집∙이용할 수 있습니다.제 2 조 (개인정보 수집에 대한 동의 및 수집 방법)1. 회사는 회원님께서 회사의 개인정보처리방침 또는 이용약관의 내용에 대해 ‘동의함’ 또는 ‘동의하지 않음’을 클릭할 수 있는 절차를 마련하여 ‘동의함’을 클릭하면 개인정보 수집에 대해 동의한 것으로 봅니다. 단, 회사는 다음 각 호의 어느 하나에 해당하는 경우에는 법령에 따라 이와 같은 동의 없이 이용자의 개인정보를 수집∙이용할 수 있습니다.1. 정보통신서비스의 제공에 관한 계약을 이행하기 위하여 필요한 개인정보로서 경제적∙기술적인 사유로 통상적인 동의를 받는 것이 뚜렷하게 곤란한 경우2. 정보통신서비스 제공에 따른 요금정산을 위하여 필요한 경우3. 그 밖에 법률에 특별한 규정이 있는 경우1. ~ 3.을 1) ~ 3) 으로 변경(신설)2. 회사가 개인정보를 수집하는 경우에는 반드시 사전에 이용자에게 해당 시실을 알리고 동의를 구하고 있으며, 아래와 같은 방법을 통해 개인정보를 수집합니다.1) 홈페이지 회원가입 및 서비스 이용 과정에서 이용자가 개인정보 수집에 대해 동의를 하고 직접 정보를 입력하는 경우2) 제휴 서비스 또는 단체 등으로부터 개인정보를 제공받는 경우3) 고객센터를 통한 상담 과정에서 웹페이지, 메일, 팩스, 전화 등을 통하는 경우4) 온∙오프라인에서 진행되는 이벤트∙행사 등을 통한 경우제 4 조 (쿠키에 의한 개인정보 수집)제 4 조 (개인정보 자동수집 장치의 설치∙운영 및 그 거부에 관한 사항)제 5 조 (목적 외 사용 및 제3자에 대한 제공 및 공유)1. 회사는 회원의 개인정보를 「개인정보의 수집목적 및 이용목적」에서 고지한 범위 내에서 사용하며, 동 범위를 초과하여 이용하거나 타인 또는 타기업, 기관에 제공하지 않습니다. 다만, 아래와 같이 양질의 서비스 제공을 위해 이용자의 개인정보를 협력업체와 공유할 필요가 있는 경우에는 제공 받는 자, 제공목적, 제공정보 항목, 이용 및 보유기간을 회원에게 고지하여 동의를 구합니다.\t\t\t\t\t\t\t\t\t\t\t\t\t\t\t\t\t\t\t\t\t\t\t\t\t\t\t\t\t\t\t\t\t\t\t\t\t\t\t개인정보 제공받는 자제공목적제공항목보유 및 이용기간숙박서비스 제공업체[업체 리스트]생략생략생략㈜야놀자트래블펜션예약 제휴예약자명, 휴대폰번호계약 종료 시까지 또는 회원 탈퇴 시까지. 단, 법령이 정한 시점까지 보존\t\t\t제 5 조 (개인정보의 제3자 제공에 대한 동의)1. 회사는 회원의 개인정보를 제3조(개인정보 수집∙이용 목적 및 수집항목 등)에서 고지한 범위 내에서 사용하며, 동 범위를 초과하여 이용하거나 타인 또는 타기업, 기관에 제공하지 않습니다. 다만, 아래와 같이 양질의 서비스 제공을 위해 개인정보를 제공 받는 자, 제공 목적, 제공(삭제) 항목, 이용 및 보유기간을 회원에게 고지하여 동의를 구한 후 제3자에게 제공합니다.\t\t\t\t\t\t\t\t\t\t\t\t\t\t\t\t\t\t\t\t\t\t\t\t\t\t(삭제)제공받는 자제공 목적제공 항목이용 및 보유기간숙박서비스 제공업체[모텔 업체 리스트][펜션 업체 리스트]생략생략생략(삭제)(삭제)(삭제)(삭제)\t2. 다음은 예외로 합니다.1) 관계법령에 의하여 수사상의 목적으로 관계기관으로부터의 요구가 있을 경우4)그러나 예외 사항에서도 관계법령에 의하거나 수사기관의 요청에 의해 정보를 제공한 경우에는 이를 당사자에게 고지하는 것을 원칙으로 운영하고 있습니다. 법률상의 근거에 의해 부득이하게 고지를 하지 못할 수도 있습니다. 본래의 수집목적 및 이용목적에 반하여 무분별하게 정보가 제공되지 않도록 최대한 노력하겠습니다.2. 전항에도 불구하고, 다음의 경우에는 예외로 합니다.1) 관계법령에 의하여 수사 등의 목적으로 관계기관으로부터 제공 요구가 있을 경우4) (삭제)제 10 조 (개인정보의 위탁처리)\t\t\t\t\t\t\t\t\t\t\t\t\t\t\t\t\t\t\t\t\t\t\t\t\t\t\t\t\t\t\t\t\t\t\t\t\t\t\t수탁업체위탁 업무 내용제공받는 자의 개인정보 보유 및 이용 기간㈜엘지유플러스, ㈜다우기술, 세종텔레콤㈜, 씨제이올리브네트웍스㈜생략회원 탈퇴 시 혹은 위탁 계약 종료 시까지(신설)(신설)제 10 조 (개인정보의 위탁처리)\t\t\t\t\t\t\t\t\t\t\t\t\t\t\t\t\t\t\t\t\t\t\t\t\t\t\t\t\t\t\t\t\t\t\t\t\t\t\t수탁업체위탁 업무 내용(삭제)㈜엘지유플러스, ㈜다우기술, 세종텔레콤㈜, 씨제이올리브네트웍스㈜, 인포뱅크 주식회사, 비즈톡㈜생략(삭제)㈜야놀자에프앤지이벤트 공지, 안내 및 관련 정보(당첨안내, 쿠폰 발송 등) 전송\t제 12 조 (의견수렴 및 불만처리)- 주소: 서울시 강남구 테헤란로 427 (삼성동 143-40)제 12 조 (의견수렴 및 불만처리)- 주소: 서울 강남구 테헤란로108길 42 (삼성 메디슨)제 14 조 (개인정보 처리방침의 개정과 그 공지)현 개인정보처리방침은 정부의 정책 또는 보안기술의 변경에 따라 내용의 추가, 삭제 및 수정이 있을 시에는 개정 최소 7일 전(단, 중요한 내용 변경의 경우 30일 전)부터 홈페이지의 ‘공지’란을 통해 고지할 것입니다.제 14 조 (개인정보 처리방침의 개정과 그 공지)개인정보 처리방침을 변경하는 경우 회사는 홈페이지 첫 화면의 공지사항란 또는 별도의 창을 통하여 지체 없이 공지하고, 이용자가 언제든지 변경된 사항을 쉽게 알아볼 수 있도록 조치하겠습니다.이전 개인정보처리방침 보기 링크가 본문 상단에 위치이전 개인정보처리방침 보기 링크가 본문 하단에 위치항상 야놀자 서비스에 관심을 갖고 이용해주시는 고객님들께 진심으로 감사 드리며, 보다 나은 서비스 제공을 위해 언제나 최선을 다하는 야놀자가 되겠습니다.감사합니다.", "18.10.24" ),
( 1, "합병에 따른 채권자 이의에 대한 최고서", "주식회사 야놀자 주식회사 야놀자트래블 (서울특별시 강남구 테헤란로 108길 42)  수신              : ㈜야놀자 고객사제목             : 합병에 따른 채권자이의에 대한 최고서   수신 : ㈜ 야놀자 고객사발신 : 주식회사 야놀자서울특별시 강남구 테헤란로 108길 42대표이사 이수진  귀사의 건승과 발전을 기원합니다. 본사는 2018년 9월 20일 이사회에서 본사는 주식회사 야놀자트래블을 합병하여 존속하고, 주식회사 야놀자트래블은 합병에 따라 해산하기로 결의를 하였으므로 본 합병에 이의가 있는 본사의 채권자는 이 최고 다음날부터 1개월내에 본사에 이의를 제출하여 주시기 바랍니다. 감사합니다.  2018. 9. 27 ㈜야놀자서울특별시 강남구 테헤란로 108길 42대표이사 이 수 진  주식회사 야놀자 | (우06176 서울특별시 강남구 테헤란로 108길42 )​ ", "18.09.27" ),
( 1, "[공지] iOS 10.1 미만 서비스 지원 중단 안내", "안녕하세요. 야놀자입니다.  iOS 4.4.2 미만 버전 지원 종료를 안내드립니다.더 나은 서비스와 쾌적한 앱 사용성을 위하여 필요한 결정이지만,이제까지 야놀자를 아껴주신 여러분에게 죄송한 마음입니다. 지원종료에 대한 자세한 내용은 다음과 같습니다.  종료일자 : 2018.10.16(화)종료내용 : iOS 10.1 미만 버전은 v6.13.0 버전까지만 업데이트를 지원함 종료시점 이후 iOS 10.1 미만 버전​은 야놀자앱 최신버전 업데이트가 불가하며,야놀자에서 제공하는 새로운 기능들을 사용하시려면 단말기를 10.1 이상의 버전으로 업그레이드해주세요.  야놀자를 아껴주시는 고객님들께 다시 한 번 감사의 인사를 드립니다. ​ ​ ", "18.09.27" ),
( 1, "[공지] Android 4.4.2 미만 버전 서비스 중단 안내", "안녕하세요. 야놀자입니다.  Android 4.4.2 미만 버전 지원 종료를 안내드립니다.더 나은 서비스와 쾌적한 앱 사용성을 위하여 필요한 결정이지만,이제까지 야놀자를 아껴주신 여러분에게 죄송한 마음입니다. 지원종료에 대한 자세한 내용은 다음과 같습니다.  종료일자 : 2018.09.04(화)종료내용 : Android 4.4.2 이하 버전은 v6.11.3 버전까지만 업데이트를 지원함 종료시점 이후 Android 4.4.2 미만 버전은 야놀자앱 최신버전 업데이트가 불가하며,야놀자에서 제공하는 새로운 기능들을 사용하시려면 단말기를 5.0.0 이상의 버전으로 업그레이드해주세요.  야놀자를 아껴주시는 고객님들께 다시 한 번 감사의 인사를 드립니다. ​ ", "18.08.24" ),
( 1, "야놀자 개인정보처리방침 개정 안내(2018.07.31)", "안녕하세요. 야놀자입니다. 보다 나은 서비스 제공을 위해 야놀자의 개인정보처리방침이 다음과 같이 변경됨을 알려 드립니다 1. 개인정보처리방침 변경 및 시행일: 2018년 7월 31일(화) 2. 개인정보처리방침 변경 내용​ 가. 제 10 조 3항의 표- 수탁 업체 추가: (주)스펙트라- 위탁 업무 내용 추가: 고객 상담(채팅) 서비스를 위한 시스템 및 솔루션 프로그램 운영​​- 제공받는 자의 개인정보 보유 및 이용 기간 추가: 회원 탈퇴 시 혹은 위탁 계약 종료 시까지 3. 동의 및 이의 제기변경시행일 이후에도 회원 탈퇴 등 이용 계약의 해지가 없는 경우, 개정된 내용에 동의한 것으로 간주됩니다. 항상 야놀자 서비스에 관심을 갖고 이용해주시는 고객님들께 진심으로 감사 드리며, 보다 나은 서비스 제공을 위해 언제나 최선을 다하는 야놀자가 되겠습니다.​ 고맙습니다.​ ​ ​ ", "18.07.24" ),
( 1, "소규모 합병 공고", "본사는 주식회사 야놀자트래블과 2018년 8월 20일 합병계약을 체결하고 상법 제527조의 3조에 의거해 그 내용을 아래와 같이 공고합니다. 1. 합병방법 : 주식회사 야놀자가 주식회사 야놀자트래블을 흡수합병함 2. 소멸회사의 현황(1) 상호 : 주식회사 야놀자트래블(2) 본점 : 서울특별시 강남구 테헤란로 108길 42 (대치동, 엠디엠타워) 3. 합병기일 : 2018년 10월 31일 4. 주식회사 야놀자와 주식회사 야놀자트래블의 합병은 상법 제527조의3 규정에 의하여 주주총회 승인을 얻지 아니하고 이사회 결의로서 합병합니다. 5. 반대의사표시 행사에 대한 안내(1) 행사절차 : 2018년 8월 20일 현재 주주명부 상에 등재되어 있는 주주를 대상으로 하여 합병에 대해 반대하는 주주는 반대의사표시통지서를 기재하여 제출하여야 합니다.(2) 기간 :2018년 8월 21일~2018년 9월 4일(3) 행사방법 및 장소 : 본사에 제출   2018년 8월 20일 주식회사 야놀자서울특별시 강남구 테헤란로 108길 42 (대치동, 엠디엠타워)대표이사 이 수 진​ ", "18.08.20" ),
( 1, "야놀자 서비스이용약관 개정 안내(2018.07.01)", " 야놀자를 이용해주시는 회원 분들께 감사 드리며, 서비스이용약관이 아래와 같이 일부 변경되어 사전 안내 드립니다. 1. 적용시기: 2018년 7월 1일(일) 2. 주요 변경내용​ 가. 제2조 1항 4호 변경- 현재: 숙소 광고 또는 예약 서비스의 원활한 제공을 위하여 회사로부터 판매대행 서비스를 제공받는 자를 말합니다.​- 변경: 플랫폼 서비스의 원활한 제공을 위하여 회사로부터 판매대행 서비스를 제공받는 자를 말합니다.​ 나. 제11조 5항 4호 변경- 현재: “예약거래”시 숙박업소판매자에게 용역에 필요한 최소한의 이용자의 정보(성명, 연락처)를 알려주는 경우​- 변경: “거래”시 판매자에게 용역에 필요한 최소한의 이용자의 정보(성명, 연락처)를 알려주는 경우​ 다. 제12조 7항 3호 변경- 현재: 3호~4호 간 줄바꿈 없음- 변경: 3호~4호 간 ​줄바꿈 삽입 라. 제14조 1항 2호 변경- 현재: 예약 서비스​- 변경: 플랫폼 서비스​ 마. 제16조 12항 추가- 추가: 사업주 변경 또는 인테리어 공사 등에 따른 권리자(사업주)의 게시물 중단 또는 삭제가 있는 경우 ​ 바. 제5장 변경- 현재: 제5장 예약 거래의 일반- 변경: 제5장 거래의 일반  사. 제25조 변경- 현재: 제 25 조 (예약거래 기록의 보관) “예약거래”의 거래기록은 전자상거래등에서의 소비자보호에 관한 법률에 규정에 의해 일정기간 동안 보존 할 수 있습니다. - 변경: 제 25 조 (거래 기록의 보관) 거래기록은 전자상거래등에서의 소비자보호에 관한 법률에 규정에 의해 일정기간 동안 보존 할 수 있습니다.  아. 제26조 변경- 현재: 제 26 조 (예약거래 시 가능한 결제 수단) ​- 변경: 제 26 조 (거래 시 가능한 결제 수단) ​ 자. 제27조 변경- 현재: 제 27 조 (예약거래 시 구매결정 및 송금) 회원은 본 약관 및 회사가 정한 규정에 따라 아래 절차를 거쳐 “예약거래”를 할 수 있습니다. - 성명, 연락처의 입력 - 재화 또는 용역 및 이용시간 선택 - 결제방법의 선택- 변경: 제 27 조 (거래 시 구매결정 및 송금) 회원은 본 약관 및 회사가 정한 규정에 따라 아래 절차를 거쳐 “거래”를 할 수 있습니다. - 성명, 연락처의 입력 - 재화 또는 용역 선택 - 결제방법의 선택차. 제28조 변경- 현재: 제 28 조 (예약거래 시 취소 및 환불) 1. 회사의 “예약거래”시 취소 및 환불 규정은 전자상거래등의 소비자보호에 관한 법률 등 관련 법령을 준수합니다. 2. “예약거래”시 숙소예약상품의 성격에 따라 회사는 별도의 취소 및 환불 관련 규정을 정할 수 있으며, 이 경우 별도 계약 및 이용조건상의 취소 및 환불 규정이 우선 적용됩니다. 3. “예약거래”시 숙소예약의 특성상 취소와 환불은 판매자숙박업소와 확인 후 처리 하게 되며, 신용카드결제 및 휴대폰결제는 신용카드사 및 이동통신사의 환불기준에 의거하여 시일이 소요될 수 있습니다.- 변경: 제 28 조 (거래 시 취소 및 환불) 1. 회사의 “거래”시 취소 및 환불 규정은 전자상거래등의 소비자보호에 관한 법률 등 관련 법령을 준수합니다. 2. “거래”시 상품의 성격에 따라 회사는 별도의 취소 및 환불 관련 규정을 정할 수 있으며, 이 경우 별도 계약 및 이용조건상의 취소 및 환불 규정이 우선 적용됩니다. 3. “거래”시 상품의 특성상 취소와 환불은 판매자와 확인 후 처리 하게 되며, 신용카드결제 및 휴대폰결제는 신용카드사 및 이동통신사의 환불기준에 의거하여 시일이 소요될 수 있습니다. 3. 이의 및 문제 제기가. 개정된 개인정보취급방침 내용에 대한 이의제기 및 문의사항이 있으신 경우 고객센터(1644-1346)로 접수해 주시면 신속하고 친절하게 안내해 드리겠습니다.나. 개정된 개인정보취급방침​ 내용에 동의하지 않는 경우에는 회원탈퇴를 요청하실 수 있습니다.다. 야놀자는 앞으로도 고객 여러분께 더욱 만족스러운 서비스를 제공할 수 있도록 노력하겠습니다. ", "18.06.26" ),
( 1, "KT멤버십 할인 혜택 종료 안내 (종료 예정일 : 2022.07.01 00시)", "KT멤버십 할인 혜택이 오는 7월을 끝으로 종료될 예정이기에 안내드립니다. 그동안 이용해주셔서 감사드립니다.[KT 멤버십 정보]- 할인 수단 : KT 멤버십- 할인 횟수 : 월 1회- 할인율 : 예약 금액의 4% 할인 (최대 5,000원 할인)- 할인 적용 대상	- 국내숙박상품 (모텔(대실 제외)/호텔/펜션/게스트하우스)	- 예약금액 5만원 이상인 상품[종료 일정]7월 1일 종료 (6월 30일 23:59:59까지 사용 가능)감사합니다.", "22.06.23" ),(
 1, "야놀자 개인정보처리방침 개정 안내(2018.07.01)", " 야놀자를 이용해주시는 회원 분들께 감사 드리며, 개인정보처리방침이 아래와 같이 일부 변경되어 사전 안내 드립니다. 1. 적용시기: 2018년 7월 1일(일) 2. 주요 변경내용​ 가. 제2조 1항 1호- 선택정보에 신규 항목 추가​- 이용목적: 이벤트 당첨 확인 및 경품 배송​- 이용항목: 수취인의 이름, 주소, 전화번호- 보유파기: 목적 달성 시 즉시 삭제 - 추가정보의 기존 항목 삭제- 이용목적: 본인확인- 이용항목: 이름, 생년월일, 본인에 대한 고유 인증키 값(CI)- 보유파기: 회원 탈퇴 시 즉시 삭제- 추가정보의 기존 항목 변경- 현재- 이용목적: 예약취소- 이용항목: 계좌이체환불: 은행명, 계좌번호, 예금주명- 변경- 이용목적: 계좌이체환불- 이용항목: 계좌번호, 예금주명- 추가정보의 기존 항목 변경- 현재- 이용목적: 주문모텔, 호텔, 펜션,게스트하우스 예약​- 이용항목: 예약자명, 휴대폰 번호​- 변경- 이용목적: 숙박 예약 및 상품 주문​- 이용항목: 예약자 및 구매자의 이름과 휴대폰 번호, 방문자 및 사용자의 이름과 휴대폰 번호​ 나. 제2조 1항 2호​- 필수정보의 기존 이용항목 변경​- 현재: 회사명, 대표자명, 사업자 번호, 기업 아이디, 비밀번호, 대표 전화번호, 대표 이메일 주소​​- 변경: 대표 전화번호, 대표 이메일 주소​- 선택정보의 기존 이용항목 변경- 현재: 담당자 연락처, 담당자 부서/직위, 대표 팩스번호​- 변경: 담당자 전화번호​- 추가정보의 기존 항목 변경- 현재- 이용목적: 결제- 이용항목: 가상계좌 : 은행명, 입금주- 변경- 이용목적: 결제 및 계좌이체환불​- 이용항목: 예금주명 다. 제2조 1항 3호- 추가정보의 기존 항목 변경- 현재- 이용목적: 예약취소- 이용항목: 계좌이체환불: 은행명, 계좌번호, 예금주​- 변경- 이용목적: ​계좌이체환불- 이용항목: 계좌번호, 예금주​- 추가정보의 기존 항목 변경- 현재- 이용목적: 모텔, 호텔, 펜션, 게스트하우스 예약​- 이용항목: 예약자 및 구매자의 이름과 휴대폰 번호, 방문자 및 사용자의 이름과 휴대폰 번호​- 변경- 이용목적: 숙박 예약 및 상품 주문- 이용항목: 예약자 및 구매자의 이름과 휴대폰 번호, 방문자 및 사용자의 이름과 휴대폰 번호 라. 제5조 1항의 항목 추가 및 삭제- 추가- 개인정보 제공받는자: ​㈜레저큐​- 제공목적: 서비스 제공, 구매자 및 수취인 확인​- 제공항목: 구매자 및 수취인 정보(이름, 휴대폰번호)​- 보유 및 이용기간: 계약 종료 시까지 또는 회원 탈퇴 시까지. 단, 법령이 정한 시점까지 보존​- 삭제- 개인정보 제공받는자: ​​㈜야놀자에프앤지​- 제공목적: 호텔야자 마일리지 연동​- 제공항목: ​아이디, 닉네임, 휴대폰번호, 이메일주소​- 보유 및 이용기간: 계약 종료 시까지 또는 회원 탈퇴 시까지. 단, 법령이 정한 시점까지 보존​ 마. 제10조 3항 수탁 업체의 일부 삭제- 삭제: 페이레터㈜​ 바. 제10조 3항 추가- 수탁 업체: ㈜케이티씨에스​- 위탁 업무 내용: 고객상담 3. 이의 및 문제 제기가. 개정된 개인정보취급방침 내용에 대한 이의제기 및 문의사항이 있으신 경우 고객센터(1644-1346)로 접수해 주시면 신속하고 친절하게 안내해 드리겠습니다.나. 개정된 개인정보취급방침​ 내용에 동의하지 않는 경우에는 회원탈퇴를 요청하실 수 있습니다.다. 야놀자는 앞으로도 고객 여러분께 더욱 만족스러운 서비스를 제공할 수 있도록 노력하겠습니다. ", "18.06.26" ),
 ( 1, "야놀자 개인정보처리방침 개정 안내(2018.05.31)", " 야놀자를 이용해주시는 회원 분들께 감사 드리며, 개인정보취급방침이 아래와 같이 일부 변경되어 사전 안내 드립니다. 1. 적용시기: 2018년 5월 31일(목) 2. 주요 변경내용  가. 제 5조 (목적 외 사용 및 제3자에 대한 제공 및 공유) 1항의 현행화    ㄱ. '숙박서비스 제공업체'의 '제공항목'      - 현재: 예약한 숙박서비스의 이용자 정보(예약자, 휴대폰번호, 기타 예약정보)      - 변경: 예약한 숙박서비스의 이용자 정보(예약자명, 휴대폰번호)     ㄴ. '㈜야놀자에프앤지' 전체 삭제    ㄷ. '㈜야놀자비즈'의 '제공항목'      - 현재: 업체정보(업체명, 연락처, 이메일, 주소, 객실 수, 호텔등급, 교통편의, 기타정보)      - 변경: 업체정보(연락처, 이메일)    ㄹ. 모든 '개인정보 제공받는자'의 '보유 및 이용기간'      - 현재: 예약서비스 제공 완료 후 1년, 이용완료 후 1년, 이용완료 후 5년       - 변경: 계약 종료 시까지 또는 회원 탈퇴 시까지. 단, 법령이 정한 시점까지 보존   나. 이전 모든 개인정보처리방침의 링크를 한 번에 제공​ 3. 이의 및 문제 제기  가. 개정된 개인정보취급방침 내용에 대한 이의제기 및 문의사항이 있으신 경우 고객센터(1644-1346)로 접수해 주시면 신속하고 친절하게 안내해 드리겠습니다.  나. 개정된 개인정보취급방침​ 내용에 동의하지 않는 경우에는 회원탈퇴를 요청하실 수 있습니다.  다. 야놀자는 앞으로도 고객 여러분께 더욱 만족스러운 서비스를 제공할 수 있도록 노력하겠습니다. ", "18.05.24" ),
 ( 1, "[공지] 서비스 정기점검 안내(5/15 AM 3:30~6:30)", "안녕하세요. 야놀자입니다.  더욱 안정적인 서비스 제공을 위해 서버 정기점검을 안내드립니다.  점검일시 안내 5월 15일(화) 오전 3:30~6:30 (약 3시간) 점검범위 안내야놀자 앱, PC웹 등 야놀자 서비스 전체 사용 불가  서비스 이용에 불편을 드려 죄송합니다. 빠른 점검과 안정된 서비스로 찾아뵙겠습니다. 감사합니다. ​​​ ", "18.05.10" ),
 ( 1, "야놀자 개인정보처리방침 개정 안내(2018.04.24)", "안녕하세요. 야놀자입니다. 야놀자를 이용해주시는 회원 분들께 감사 드리며, 개인정보취급방침이 아래와 같이 일부 변경되어 사전 안내 드립니다. 1. 적용시기: 2018년 4월 24일(화) 2. 주요 변경내용    가. 제 10조 (개인정보의 위탁처리) 3항의 수탁업체 일부 변경      - 현재: ㈜엘지유플러스, ㈜다우기술, 비즈톡㈜       ​​​- 변경: ㈜엘지유플러스, ㈜다우기술, 세종텔레콤㈜, 씨제이올리브네트웍스㈜​    나. 제 10조 (개인정보의 위탁처리) 3항의 위탁 업무 내용 일부 변경      - 현재: SMS/LMS/MMS 발송, 안심번호 서비스, 알림톡 발송 ​      ​- 변경: SMS/LMS/MMS 발송, FAX 발송, 050 개인번호 서비스, 알림톡 발송​ 3. 이의 및 문제 제기  가. 개정된 개인정보취급방침 내용에 대한 이의제기 및 문의사항이 있으신 경우 고객센터(1644-1346)로 접수해 주시면 신속하고 친절하게 안내해 드리겠습니다.  나. 개정된 개인정보취급방침​ 내용에 동의하지 않는 경우에는 회원탈퇴를 요청하실 수 있습니다.  다. 야놀자는 앞으로도 고객 여러분께 더욱 만족스러운 서비스를 제공할 수 있도록 노력하겠습니다. 고맙습니다.​ ​ ", "18.04.13" ),
 ( 1, "[공지] 야놀자 포인트 정책 변경 안내", "본 포인트 정책은 2018년 4월 2일 오전 10시부터 적용됩니다. 변경사항 2018년 9월 4일부터 예약가 1% 적립률은 0.5% 적립률로 변경되었습니다. ", "18.03.28" ),
 ( 1, "[공지] 서비스 정기점검 안내(3/30 AM 3:00~4:30)", "안녕하세요. 야놀자입니다. 더욱 안정적인 서비스 제공을 위해 서버 정기점검을 안내드립니다. 점검일시 안내3월 30일(금) 오전 3:00~4:30 (약 90분) 점검범위 안내바로예약 앱, 모바일웹 등 서비스 전체 사용 불가 서비스 이용에 불편을 드려 죄송합니다.빠른 점검과 안정된 서비스로 찾아 뵙겠습니다. 감사합니다.  ", "18.03.28" ),
 ( 1, "야놀자 서비스 이용약관 개정 안내(2018.04.05)", "안녕하세요. 야놀자입니다. 야놀자를 이용해주시는 회원분들께 감사 드립니다.보다 나은 서비스 제공을 위해 야놀자의 서비스 이용약관이 다음과 같이 개정될 예정이니 서비스 이용에 참고하시기 바랍니다. 1. 개정 적용 일자 2018년 04월 05일2. 이용약관 확인 방법 야놀자 홈페이지 하단 > 서비스 이용약관3. 개정사항 가. 개정 내용  제 17조(게시물에 대한 권리) 1항 나. 개정 전  1. 회원이 서비스 내에 게시한 게시물(회원간 전달 포함)의 저작권은 회원에게 있습니다.   다만 회사는 서비스 내에서 게시 목적으로 이를 사용할 수 있습니다. 다. 개정 후  1. 회원이 서비스 내에 게시한 게시물(회원간 전달 포함)의 저작권은 회원에게 있습니다.   그리고 작성된 게시물은 회사의 제휴 채널에 노출될 수 있으며, 작성을 완료하는 경우 이에 동의하는 것으로 간주합니다.4. 이의 및 문제 제기 가. 개정 적용 일자까지 별도의 이의를 제기하지 않으시는 경우, 서비스 이용약관의 개정에 동의하신 것으로 간주합니다. 나. 이의제기 및 문의사항이 있으신 경우, 야놀자 고객센터(1644-1346)로 접수해 주시면 신속하고 친절하게 안내해 드리겠습니다. 다. 야놀자는 앞으로도 고객 여러분께 더욱 만족스러운 서비스를 제공할 수 있도록 노력하겠습니다. 고맙습니다. ", "18.03.05" ),
 ( 1, "[공지] 바른후기 포인트 적립액 변경 안내", "포인트 적립 기준이 변경되어 이를 공지합니다. 포인트 적립 기준 변경- 바른후기 사진 2장 이상 첨부 시 500P 추가적립 (종료)- 호텔/펜션 후기 작성시 500P 추가적립 (신규) 포인트 적립 기준 변경 시행일2018년 2월 1일 오전 10시 이후에 작성된 후기 더 믿을 수 있고, 더 진솔한 바른후기를 만들어가는 야놀자가 되겠습니다. 감사합니다.  ", "18.01.31" ),
 ( 1, "[공지] 풍선존 서비스 종료 안내 ", " 풍선존 종료일 이후에는 전액 포인트로 전환되니 이용에 참고 부탁드립니다.  대상 : 잔여 풍선이 1개 이상인 사용자전환 내용 : 풍선 1개당 예약포인트 1p로 전환서비스 종료일 : 2018년 2월 28일포인트 전환일 : 2018년 3월 7일  ", "18.01.31" ),
 ( 1, "야놀자 개인정보처리방침 개정 안내(2018.01.18)", "안녕하세요. 야놀자입니다. 야놀자를 이용해주시는 회원 분들께 감사 드리며, 개인정보취급방침이 아래와 같이 일부 변경되어 사전 안내 드립니다. 1. 적용시기: 2018년 1월 18일(목) 2. 주요 변경내용    가. 개인정보 수집 방법 추가       - 홈페이지, 서비스 이용, 이벤트 응모, 경품 신청, 전화, 팩스, 제휴사로부터 제공받음, 생성정보 수집 툴을 통한 수집   나. ​국가기관에 신고나 상담이 필요한 경우의 연락처 추가       - 개인정보 분쟁조정위원회(www.kopico.go.kr / 1833-6972)   다. 제7조 제목 오류 수정       - 개인정보의 열람, 정정 → 동의 철회 3. 이의 및 문제 제기  가. 개정된 개인정보취급방침 내용에 대한 이의제기 및 문의사항이 있으신 경우 고객센터(1644-1346)로 접수해 주시면 신속하고 친절하게 안내해 드리겠습니다.  나. 개정된 개인정보취급방침​ 내용에 동의하지 않는 경우에는 회원탈퇴를 요청하실 수 있습니다.  다. 야놀자는 앞으로도 고객 여러분께 더욱 만족스러운 서비스를 제공할 수 있도록 노력하겠습니다. 고맙습니다.​​ ", "18.01.12" ),
 ( 1, "야놀자 서비스 정기점검 안내 (06/23 AM 3:00 ~ 6:00)", "안녕하세요, 야놀자입니다.더욱 안정적인 서비스 제공을 위한 정기점검을 안내드립니다.  점검일시 안내▶ 2022년 6월 23일(목) 오전 3:00~07:00 (약 3시간) 점검범위 안내▶ 야놀자 앱, PC웹 등 야놀자 서비스 전체 사용 불가  서비스 이용에 불편을 드려 죄송합니다.  빠른 점검과 안정된 서비스로 찾아 뵙겠습니다.감사합니다.  ", "22.06.22" ),
 ( 1, "[공지] 바른후기 추가 포인트 적립 종료 안내", "안녕하세요. 야놀자입니다.  2017년 10월 18일, 바른후기의 런칭과 함께 시작된 추가포인트 지급이 약 70여일간의 프로모션을 끝으로 지급이 종료됩니다. ​여러분께서 바른후기에 보여주신 애정과 관심에 다시 한 번 깊은 감사의 말씀을 드립니다. ​ 바른후기 포인트 지급은 예약일 및 투숙일에 상관없이 작성시간을 기준으로 지급되고 있습니다. ​따라서, 지난 예약에 대해 아직 작성하지 못한 후기가 있으신 경우 작성을 서둘러주세요. ​ - 추가 적립 종료 내용바른후기 포인트의 추가적립 500P 가 종료되어 후기등록시 기본포인트 500P로 적용- 추가 적립 미적용 대상 1/2 오전 10시 이후 작성건 더 좋은숙박, 더 바른후기로 찾아 뵙도록 노력하는 야놀자가 되겠습니다.감사합니다. ​", "17.12.27" ),
 ( 1, "야놀자 개인정보처리방침 개정 안내(2018.01.01)", "안녕하세요. 야놀자입니다. 야놀자를 이용해주시는 회원 분들께 감사 드리며, 개인정보취급방침이 아래와 같이 일부 변경되어 사전 안내 드립니다. 1. 적용시기: 2018년 1월 1일(월) 2. 주요 변경내용    가. 개인정보 수탁 업체 삭제       1) 에스케이플래닛(주)​   나. ​개인정보 수탁 업체 추가       1) 갤럭시아커뮤니케이션즈(주), 페이레터(주)​   다. 위탁 업무 내용 추가       1) 계좌인증   라. 개인정보 위탁처리 기관 및 위탁업무 표 양식 변경       1) '구분' 열 삭제       2) '제공받는 자의 개인정보 보유 및 이용 기간' 열 추가       3) 2)에서 추가한 열에 '회원 탈퇴 시 혹은 위탁 계약 종료 시까지' 내용 추가 3. 이의 및 문제 제기  가. 개정된 개인정보취급방침 내용에 대한 이의제기 및 문의사항이 있으신 경우 고객센터(1644-1346)로 접수해 주시면 신속하고 친절하게 안내해 드리겠습니다.  나. 개정된 개인정보취급방침​ 내용에 동의하지 않는 경우에는 회원탈퇴를 요청하실 수 있습니다.  다. 야놀자는 앞으로도 고객 여러분께 더욱 만족스러운 서비스를 제공할 수 있도록 노력하겠습니다. 고맙습니다.​ ", "17.12.12" ),
 ( 1, "야놀자 위치정보이용약관 개정 안내(2017.11.16)", "안녕하세요. 야놀자입니다. 야놀자를 이용해주시는 회원 분들께 감사 드리며, 위치정보이용약관이 아래와 같이 일부 변경되어 사전 안내 드립니다. 1. 적용시기: 2017년 11월 16일(월) 2. 주요 변경내용3. 이의 및 문제 제기  가. 개정된 위치정보이용약관 내용에 대한 이의제기 및 문의사항이 있으신 경우 고객센터(1644-1346)로 접수해 주시면 신속하고 친절하게 안내해 드리겠습니다.  나. 개정된 위치정보이용약관​ 내용에 동의하지 않는 경우에는 회원탈퇴를 요청하실 수 있습니다.  다. 야놀자는 앞으로도 고객 여러분께 더욱 만족스러운 서비스를 제공할 수 있도록 노력하겠습니다. 고맙습니다.", "17.11.10" ),
 ( 1, "야놀자 서비스이용약관 및 개인정보처리방침 개정 안내(2017.11.16)", "안녕하세요. 야놀자입니다. 야놀자를 이용해주시는 회원 분들께 감사 드리며, 서비스 이용약관과 개인정보 처리방침이 아래와 같이 일부 변경되어 사전 안내 드립니다. 1. 적용시기: 2017년 11월 16일(월) 2. 주요 변경내용상세한 개정내용은 변경된 서비스 이용약관과 개인정보 처리방침을 확인해 주시기 바랍니다.  가. 서비스 이용약관 개정 내용    1) 제 11조 (개인정보의 보호 및 사용) 3항에 개인위치정보 보호 관련 내용 추가    2) 제 27조 (예약거래 시 구매결정 및 송금) 펜션의 경우 생년월일도 함께 입력 내용 삭제   나. 개인정보 처리방침 개정 내용    1) 제 10조 (개인정보의 위탁처리) 3항 결제처리 업체 중 2개 업체명 수정      가) (주)카카오 → (주)카카오페이, NHN한국사이버결제(주)→엔에이치엔한국사이버결제(주)      2) 제 2조 (개인정보 수집 이용 보유 파기) 1항에 개인회원, 비회원의 펜션 예약 시 생년월일 정보 수집 항목 삭제    3) 제 5조 (목적 외 사용 및 제3자에 대한 제공 및 공유) 1항에 (주)야놀자트래블 제공항목 중 생년월일 삭제 3. 이의 및 문제 제기  가. 개정된 서비스 이용약관과 개인정보 처리방침 내용에 대한 이의제기 및 문의사항이 있으신 경우 고객센터(1644-1346)로 접수해 주시면 신속하고 친절하게 안내해 드리겠습니다.  나. 개정된 서비스 이용약관과 개인정보 처리방침 내용에 동의하지 않는 경우에는 회원탈퇴를 요청하실 수 있습니다.  다. 야놀자는 앞으로도 고객 여러분께 더욱 만족스러운 서비스를 제공할 수 있도록 노력하겠습니다. 고맙습니다.", "17.11.10" ),
 ( 1, "[공지] iOS 9.1 미만 버전 지원종료 공지", "안녕하세요. 야놀자입니다.  아이폰OS 9.1 미만 버전 지원 종료라는 아쉬운 소식을 전합니다.더 나은 서비스와 쾌적한 앱 사용성을 위하여 필요한 결정이지만,이제까지 야놀자를 아껴주신 여러분에게 죄송한 마음입니다. 지원종료에 대한 자세한 내용은 다음과 같습니다.  종료일자 : 17년 11월 말경종료내용 : iOS 9.0.2 이하 버전은 6.8.0 버전까지만 업데이트를 지원함 종료시점 이후 iOS 9.0.2 이하 버전은 야놀자앱 최신버전 업데이트가 불가하며,야놀자에서 제공하는 새로운 기능들을 사용하시려면 단말기를 iOS 9.1 이상의 버전으로 업그레이드 해주셔야 합니다.  ​", "17.09.11" ),
 ( 1, "[공지] 야놀자  '050 안심번호 서비스'  적용안내 ", "안녕하세요, 야놀자입니다. 항상 야놀자를 이용해주시는 고객님들께 감사드립니다.  회원님들의 소중한 개인 정보를 보호하기 위해, 050 안심번호 서비스를 적용하였습니다.  1. ​안심번호란? - 숙소예약 시, 실제 개인 휴대폰 번호가 아닌 '가상의 번호'가 발급되어 업체에게 전달되며, 일정시간이 지나면 자동적으로 폐기됩니다.( 단, 리조트의 경우에는 개인 휴대폰 번호가 숙소업체에 전달됩니다. ) 2. ​나의 '안심번호' 확인하기 - 숙소예약 완료 시, 발송된 SMS에서 안심번호를 확인하실 수 있습니다. - 야놀자 서비스 내, '예약상세' 화면에서 발급받은 안심번호를 확인하실 수 있습니다.      고맙습니다.​ ", "17.08.30" ),
 ( 1, "야놀자 개인정보처리방침 개정 안내(2018.07.05)", "안녕하세요. 야놀자입니다. 야놀자를 이용해주시는 회원 분들께 감사 드리며, 개인정보 처리방침이 아래와 같이 일부 변경되어 사전 안내 드립니다. 1. 적용시기: 2017년 7월 5일(수) 2. 주요 변경내용상세한 개정내용은 변경된 개인정보 처리방침을 확인해 주시기 바랍니다. [추가 항목]제 2조 (개인정보 수집 이용 보유 파기) 5) AWS 사용 추가  5. 회사가 서비스 제공을 위해 수집한 이용자의 모든 개인정보는 수집 단계부터 안전한 암호화 통신을 이용하여, AWS(Amazon Web Services)상의 대한민국 리전에 위치한 데이터센터로 전송되며, 개인정보처리방침의 보관기간 동안 저장합니다. 클라우드의 보안은 AWS가 취득한 국제 인증 프로그램을 통해서 확인할 수 있으며, 회사와 클라우드 제공사인 AWS의 공동 책임 문서는 이 링크에서 확인할 수 있습니다. (https://aws.amazon.com/ko/compliance/shared-responsibility-model/)  3. 이의 및 문제 제기  가. 개정된 서비스 이용약관과 개인정보 처리방침 내용에 대한 이의제기 및 문의사항이 있으신 경우 고객센터(1644-1346)로 접수해 주시면 신속하고 친절하게 안내해 드리겠습니다.  나. 개정된 서비스 이용약관과 개인정보 처리방침 내용에 동의하지 않는 경우에는 회원탈퇴를 요청하실 수 있습니다.  다. 야놀자는 앞으로도 고객 여러분께 더욱 만족스러운 서비스를 제공할 수 있도록 노력하겠습니다. 고맙습니다.​​ ​​ ", "17.06.29" ),
 ( 1, "야놀자 개인정보처리방침 개정 안내(2017.08.29)", "안녕하세요. 야놀자입니다. 야놀자를 이용해주시는 회원 분들께 감사 드리며, 개인정보 처리방침이 아래와 같이 일부 변경되어 사전 안내 드립니다. 1. 적용시기: 2017년 8월 29일(화) 2. 주요 변경내용상세한 개정내용은 변경된 개인정보 처리방침을 확인해 주시기 바랍니다. [추가 항목]제 10조 (개인정보의 위탁처리) 3) 알림톡 발송을 위한 비즈톡(주) 추가 3. 이의 및 문제 제기  가. 개정된 서비스 이용약관과 개인정보 처리방침 내용에 대한 이의제기 및 문의사항이 있으신 경우 고객센터(1644-1346)로 접수해 주시면 신속하고 친절하게 안내해 드리겠습니다.  나. 개정된 서비스 이용약관과 개인정보 처리방침 내용에 동의하지 않는 경우에는 회원탈퇴를 요청하실 수 있습니다.  다. 야놀자는 앞으로도 고객 여러분께 더욱 만족스러운 서비스를 제공할 수 있도록 노력하겠습니다. 고맙습니다.​​ ​​ ", "17.08.22" ),
 ( 1, "야놀자 서비스이용약관 및 개인정보처리방침 개정 안내(2017.06.26)", "안녕하세요. 야놀자입니다. 야놀자를 이용해주시는 회원 분들께 감사 드리며, 서비스 이용약관과 개인정보 처리방침이 아래와 같이 일부 변경되어 사전 안내 드립니다. 1. 적용시기: 2017년 6월 26일(월) 2. 주요 변경내용상세한 개정내용은 변경된 서비스 이용약관과 개인정보 처리방침을 확인해 주시기 바랍니다.  가. 서비스 이용약관 개정 내용    1) 제 2조 (용어의 정의) 판매자, 쿠폰, 마일리지에 대한 정의 추가    2) 제 15조 (서비스 이용시간) 3항에 고객센터 이용 불가 시간 이용 안내 추가    3) 제 22조 (할인쿠폰) 조항 추가    4) 제 23조 (포인트) 9항 양도 불가 내용 추가    5) 제 24조 (마일리지) 조항 추가    6) 제 15조 (서비스 이용시간) 3항에 고객센터 운영 시간 익일 오전 3시까지로 수정    7) 제 23조 (포인트) 3항 적립 방식에 따른 분류 수정    8) 제 23조 (포인트) 포인트 적립 시점 변경   나. 개인정보 처리방침 개정 내용    1) 제 2조 (개인정보 수집 이용 보유 파기) 개인회원, 비회원의 개인정보 수집 유형 추가      가) 추가 항목 > 게스트하우스 예약: 예약자명, 휴대폰번호      2) 제 5조 (목적 외 사용 및 제3자에 대한 제공 및 공유) 1항에 게스트하우스 예약 제휴를 위한 (주)지냄 추가    3) 제 10조 (개인정보의 위탁처리) 3항 수탁 업체에서 (주)휴머스온 삭제 3. 이의 및 문제 제기  가. 개정된 서비스 이용약관과 개인정보 처리방침 내용에 대한 이의제기 및 문의사항이 있으신 경우 고객센터(1644-1346)로 접수해 주시면 신속하고 친절하게 안내해 드리겠습니다.  나. 개정된 서비스 이용약관과 개인정보 처리방침 내용에 동의하지 않는 경우에는 회원탈퇴를 요청하실 수 있습니다.  다. 야놀자는 앞으로도 고객 여러분께 더욱 만족스러운 서비스를 제공할 수 있도록 노력하겠습니다. 고맙습니다.", "17.06.20" ),
 ( 1, "[공지] 1년 이상 장기 미이용 회원 개인정보 처리 안내", "안녕하세요. 야놀자입니다.회원님들의 소중한 개인 정보 보호를 보호하고 불필요한 개인정보 보관을 최소화하기 위해 1년 이상 야놀자 서비스(야놀자 App, 바로예약 App)를 이용하지 않은 회원님들의 개인정보를 탈퇴 처리하고 있습니다.회원가 할인, 무료 숙박권 제공, 바로 예약 등 야놀자의 좋은 숙박 서비스를 계속 이용하시려면, 메일 또는 문자 메시지 수신 후 재방문 및 로그인을 부탁 드립니다.[관련 법령]- 정보통신망 이용촉진 및 정보보호 등에 관한 법률 제 29조- 정보통신망 이용촉진 및 정보보호 등에 관한 법률 시행령 제 16조​[삭제 항목]- 회원의 개인정보 삭제(이메일, 휴대폰번호, 비밀번호, 닉네임, 디바이스 ID, 프로필 사진, 성별, 이름, 생년월일, 본인에 대한 고유 인증 키 값(CI))[주의 사항]- 아이디인 이메일은 부정이용 이슈 방지를 위해 탈퇴 처리하고 7일 후 삭제합니다.고맙습니다.", "17.06.26" ),
 ( 1, "고속버스 QR 승차권 캡쳐 준비 안내 - 06/23(목) 7시전 출발 대상", "안녕하세요. 야놀자입니다.야놀자 서비스 정기점검으로 인해 고속버스 서비스 사용이 일시적으로 불가하여 아래와 같이 안내드립니다.점검 일시 : 2022-06-23(목) 03:00 AM ~ 07:00 AM (4시간)점검 범위 : 야놀자 앱, PC웹 등 야놀자 서비스 전체 사용 불가▶︎ 점검시간 동안 앱접속이 불가하여, 승차권을 확인 할 수 없습니다.6월 23일 오전 7시 전에 출발하는 승차권을 예매하셨을 경우, QR코드가 포함된 승차권 미리 캡쳐하여 보관해주시고 승차 시 제시 부탁드립니다.서비스 이용에 불편을 드려 죄송합니다.빠른 점검과 안정된 서비스로 찾아뵙겠습니다.", "22.06.22" ),
 ( 1, "야놀자 개인정보처리방침 개정 안내(2017.04.17)", "안녕하세요. 야놀자입니다. 야놀자를 이용해주시는 회원 분들께 감사 드리며, 개인정보 처리방침이 아래와 같이 일부 변경되어 사전 안내 드립니다. 1. 적용시기: 2017년 4월 17일(월) 2. 주요 변경내용상세한 개정내용은 변경된 개인정보 처리방침을 확인해 주시기 바랍니다.[추가 항목]1. 제 2조 (개인정보 수집 이용 보유 파기) 1) 개인회원, 3) 비회원의 필수 수집 정보 추가  가. 광고식별자(ADID 또는 IDFA) [변경 항목]1. 제 2조 (개인정보 수집 이용 보유 파기) 1) 개인회원, 2) 판매자의 아이디 이메일 보관 기간 변경  가. 기존: 탈퇴 후 탈퇴DB에서 6개월 후 삭제  나. 변경: 탈퇴 후 탈퇴DB에서 7일 후 삭제 2. 제 2조 (개인정보 수집 이용 보유 파기) 1) 개인회원, 3) 판매자의 단말기위치정보 이용항목 내용 변경  가. 기존: 단말기 위치정보  나. 변경: 단말기 위치정보(별도 저장없이 앱에서 사용) 3. 제 10조 (개인정보의 위탁처리) 위탁처리 기관 변경  가. 삭제 업체    1) 실명확인: 서울신용평가정보㈜, 한국모바일인증㈜    2) 알림발송: ㈜알에이, ㈜비즈톡    3) 기프티콘: ㈜케이티엠하우스, ㈜원큐브마케팅    4) 포인트: ㈜스포카    5) 숙소정보: ㈜레드타이  나. 추가 업체    1) 알림발송: ㈜다우기술, ㈜휴머스온 4. 제 13조 (개인정보 보호책임자)의 개인정보 보호책임자 및 관리 담당자 변경  가. 개인정보 보호책임자    1) 성명: 송재하(CISO)    2) 연락처: 1644-1346, privacy@yanolja.com  나. 개인정보 민원처리 담당부서    1) 부서명: 고객솔루션센터    2) 연락처: 1644-1346, help@yanolja.com 3. 이의 및 문제 제기  가. 개정된 서비스 이용약관과 개인정보 처리방침 내용에 대한 이의제기 및 문의사항이 있으신 경우 고객센터(1644-1346)로 접수해 주시면 신속하고 친절하게 안내해 드리겠습니다.  나. 개정된 서비스 이용약관과 개인정보 처리방침 내용에 동의하지 않는 경우에는 회원탈퇴를 요청하실 수 있습니다.  다. 야놀자는 앞으로도 고객 여러분께 더욱 만족스러운 서비스를 제공할 수 있도록 노력하겠습니다. 고맙습니다.​​ ​", "17.04.11" ),
 ( 1, "[공지] 야놀자는 회원정보 유출사건과 무관함을 알려드립니다.", "", "17.03.24" ),
 ( 1, "야놀자 서비스이용약관 및 개인정보처리방침 개정 안내(2017.03.21)", "야놀자를 이용해주시는 회원 분들께 감사 드리며, 서비스 이용약관과 개인정보 처리방침이 아래와 같이 일부 변경되어 사전 안내 드립니다.1. 적용시기: 2017년 3월 21일(화)2. 주요 변경내용상세한 개정내용은 변경된 서비스 이용약관과 개인정보 처리방침을 확인해 주시기 바랍니다. 가. 서비스 이용약관 개정 내용  1) 제 5조 (이용 계약의 성립) 2항 이용 승인 거부 또는 사후 해지 사유   가) 10) 만 14세 미만의 아동이 신청을 하는 경우 나. 개인정보 처리방침 개정 내용  1) 제 2조 (개인정보 수집 이용 보유 파기) 개인회원, 비회원의 개인정보 추가 수집 항목 변경   가) 추가 항목 > 계좌이체환불: 은행명, 계좌번호, 예금주명   나) 삭제 항목 > 결제: 신용카드, 휴대전화, 계좌이체  2) 제 2조 (개인정보 수집 이용 보유 파기) 장기미이용 회원 개인정보 유효기간 항목 추가   가) 회원가입 시 장기 미접속시에도 계정 유지를 선택한 회원은 장기미이용 회원이 되더라도 즉시 탈퇴 처리되지 않으며, 회원이 직접 탈퇴 신청할 때까지 개인정보를 보관합니다.  3) 제 12조 (의견수렴 및 불만처리) 3항 국가기관 연락처 중 일부 삭제   가) 정보보호마크인증위원회 삭제  4) 용어 변경   가) '취급'을 '처리'로 변경   나) '누출'을 '유출'로 변경   다) '개인정보 관리 책임자'를 '개인정보 보호책임자'로 변경    라) '대검찰청 사이버범죄수사단'을 '대검찰청 사이버수사과'로 변경    마) '경찰청 사이버테러대응센터'를 '경찰청 사이버안전국'으로 변경3. 이의 및 문제 제기 가. 개정된 서비스 이용약관과 개인정보 처리방침 내용에 대한 이의제기 및 문의사항이 있으신 경우 고객센터(1644-1346)로 접수해 주시면 신속하고 친절하게 안내해 드리겠습니다. 나. 개정된 서비스 이용약관과 개인정보 처리방침 내용에 동의하지 않는 경우에는 회원탈퇴를 요청하실 수 있습니다. 다. 야놀자는 앞으로도 고객 여러분께 더욱 만족스러운 서비스를 제공할 수 있도록 노력하겠습니다.고맙습니다.", "17.03.15" ),
 ( 1, "야놀자 개인정보처리방침 개정 안내(2017.01.19)", "야놀자를 이용해주시는 회원 분들께 감사 드리며, 개인정보 처리에 관한 정책을 담고 있는 개인정보 처리방침이 아래와 같이 일부 변경되어 사전 안내 드립니다.1. 적용시기: 2017년 1월 19일(목)2. 주요 변경내용상세한 개정내용은 변경된 개인정보 처리방침을 확인해 주시기 바랍니다.가. ‘2조 수집하는 개인정보의 항목’을 ‘2조 개인정보 수집 이용 보유 파기 조항'으로 변경    - 기존 4조, 9조 내용 포함나. ‘4조 개인정보의 수집 및 이용 목적’ 삭제 다. ‘9조 수집하는 개인정보의 보유 및 이용기간’ 삭제 라. 개인정보 3자 제공 업체 삭제   - ㈜스포카, ㈜다우기술, ㈜케이티엠하우스, ㈜원큐브마케팅, ㈜서울신용평가정보, ㈜한국모바일인증, ㈜카카오, 에스케이플래닛㈜, NHN한국사이버결제㈜, 엔에이치엔엔터테인먼트㈜, 네이버㈜, ㈜알에이, ㈜비즈톡, ㈜레드타이 마. 개인정보 수탁업체 추가 - ㈜다우기술, ㈜케이티엠하우스, ㈜원큐브마케팅, ㈜서울신용평가정보, ㈜한국모바일인증, ㈜카카오, 에스케이플래닛㈜, NHN한국사이버결제㈜, 엔에이치엔엔터테인먼트㈜, 네이버㈜, ㈜알에이, ㈜비즈톡, ㈜레드타이3. 이의 및 문제 제기가. 개정된 개인정보 처리방침 내용에 대한 이의제기 및 문의사항이 있으신 경우 고객센터(1644-1346)로 접수해 주시면 신속하고 친절하게 안내해 드리겠습니다. 나. 개정된 개인정보 처리방침 내용에 동의하지 않는 경우에는 회원탈퇴를 요청하실 수 있습니다. 다. 야놀자는 앞으로도 고객 여러분께 더욱 만족스러운 서비스를 제공할 수 있도록 노력하겠습니다.고맙습니다. ", "16.12.20" ),
 ( 1, "[종료] 서비스 점검 안내(12/15 AM5:00~6:00)", "안녕하세요. 야놀자입니다.  보다 안정적인 서비스와 사용환경을 위해 서버점검을 실시할 예정입니다. 점검 시간동안에는 숙소 예약 등의 서비스 이용이 제한됩니다. - 일시 : 2016년 12월 15일 오전 5시~6시 (약 1시간)- 목적 : 서버 안정화 및 정기점검 이용에 불편을 드려 죄송합니다. 업데이트 후 더욱 멋진 서비스로 찾아 뵙겠습니다.   야놀자 드림​ ", "16.12.14" ),
 ( 1, "야놀자 서비스 이용약관 및 개인정보취급방침 개정 안내(2016.03.01)", "안녕하세요. 야놀자입니다.야놀자의 서비스이용약관 및 개인정보취급방침이 개정될 예정입니다.서비스 이용시 참고하시기 바랍니다. - 개정 적용 일자 : 2016년 3월 1일- 개정 대상 : 서비스이용약관[미리보기] 및 개인정보취급방침[미리보기]- 동의 철회 : 개정된 약관에 동의하지 않을 경우, 회원탈퇴를 요청할 수 있습니다. 감사합니다.", "16.02.18" ),
 ( 1, "[공지] 위치정보 이용약관 및 개인정보처리방침 개정 안내 (2022.6.8)", "안녕하세요. 야놀자입니다.보다 나은 서비스 제공을 위해 야놀자의 위치정보 이용약관과 개인정보처리방침이 다음과 같이 변경됨을 안내 드립니다. ▶ 위치정보이용약관, 개인정보처리방침 변경 및 시행일 : 2022년 6월 8일▶ 위치정보이용약관, 개인정보처리방침 변경 내용자세한 내용은 아래 변경 사항 참고 부탁드립니다.-----------------------------   아   래   -----------------------------1,위치정보 이용약관1) 제 4조 서비스의 내용 수정 2) 제 8조(개인위치정보의 이용 또는 제공)3) 제 9조 개인위치정보의 이용 또는 제한 항목 신설 4) 제 9조 (개인위치정보주체의 권리) -> 제 10조(개인위치정보주체의 권리 및 행사방법) 으로 변경 5) 항목 신설로 인해 조항 번호 변경2. 개인정보처리방침 1)위치정보법 개정 내용을 반영하기 위해 제15조(개인위치정보 처리)를 신설해 아래 내용 명시2) 제 11조 개인정보의 위탁처리 내용 변경 (주)야놀자는 더 나은 서비스 제공을 위해 항상 최선을 다하겠습니다.앞으로도 지속적인 서비스 이용과 관심 부탁드립니다.감사합니다.​ ​ ​", "22.06.08" ),
 ( 1, "야놀자 개인정보처리방침 개정 안내 (2022.6.2)", "안녕하세요. 야놀자입니다.보다 나은 서비스 제공을 위해 야놀자의 개인정보처리방침이 다음과 같이 변경됨을 알려 드립니다.▶ 개인정보처리방침 변경 및 시행일 : 2022년 6월 2일▶ 개인정보처리방침 변경 내용제 3 조 (개인정보 수집∙이용 목적 및 수집항목 등(주)야놀자는 더 나은 서비스 제공을 위해 항상 최선을 다하겠습니다.앞으로도 지속적인 서비스 이용과 관심 부탁드립니다.감사합니다.​ ​ ​", "22.06.02" ),
 ( 1, "야놀자 개인정보처리방침 개정 안내 (2022. 4. 22)", "안녕하세요. 야놀자입니다. 보다 나은 서비스 제공을 위해 야놀자의 개인정보처리방침이 다음과 같이 변경됨을 알려 드립니다. ▶ 개인정보처리방침 변경 및 시행일 : 2022년 4월 22일 ▶ 개인정보처리방침 변경 내용 제 11조 (개인정보의 위탁처리)- 개인정보처리 수탁업체 토스페이먼츠(주) 추가- ㈜이씨에스텔레콤의 수탁사인 브라더스비 추가 (주)야놀자는 더 나은 서비스 제공을 위해 항상 최선을 다하겠습니다.앞으로도 지속적인 서비스 이용과 관심 부탁드립니다.​", "22.04.22" ),
 ( 1, "ID 계정 사용종료 및 이메일 계정 가입시 지급 보상 포인트 변경 안내", "   이메일 계정 가입 기간보상 포인트1 ~ 2022.05.01 (일) 13:59 이내​30,000P​22022.05.01 (일) 14:00 ~ 2022.06.01 (수) 13:59​ 이내20,000P​ 32022.06.01 (수) 14:00 ~ 2022.07.01 (금) 13:59 이내​ 10,000P​  ※ 2022.07.01 (금) 14:00 부터 야놀자 서비스 로그인 시  ID 계정을 이용할 수 없고, ID 계정은 자동 삭제 처리됩니다. 또한, 이후 이메일 계정 가입하더라도, 기존 ID 계정 정보와 연동 불가능하며, 보상 포인트가 지급되지 않습니다.ID 계정 회원분들은, 빠른 시일 내 이메일 계정으로 가입하시어, 보상 포인트를 지급 받으시고 향후 서비스 이용에 차질이 없으시길 바랍니다. 상기 변경 사항 외 나머지는 기존에 공지해드렸던 내용과 동일하며, 기존 공지를 참고하여 주시기 바랍니다.본 공지 사항과 관련한 문의사항은 야놀자 고객센터(1644-1346)로 연락 부탁드립니다.감사합니다.​", "22.04.13" ),
 ( 1, "ID 계정 사용종료일 및 이메일 계정 가입 기간 추가 연장 안내", "일반 ID 계정의 사용종료 정책과 관련한 세부사항은 2021. 11. 19.자 “ID계정 사용종료 안내” 공지사항에서 안내해 드린 내용과 동일하오니, 정책 관련 세부사항은 위 공지사항을 참고하여 주시기 바랍니다.문의사항은 야놀자 고객센터(1644-1346)로 연락 부탁드립니다.감사합니다.​", "22.03.30" ),
 ( 1, "야놀자 개인정보처리방침 개정 안내 (2022. 3. 29)", "보다 나은 서비스 제공을 위해 야놀자의 개인정보처리방침이 다음과 같이 변경됨을 알려 드립니다.▶ 개인정보처리방침 변경 및 시행일 : 2022년 3월 29일▶ 개인정보처리방침 변경 내용제3조 (개인정보 수집∙이용 목적 및 수집항목 등)- 숙박대전 사전인증 프로모션 및 놀이공원 할인대전 관련 개인정보 수집∙이용 내용 삭제제 5 조 (개인정보의 제3자 제공에 대한 동의)- 숙박대전 사전인증 프로모션 및 한국관광공사 이벤트 관련 개인정보 제3자 제공 내용 삭제제 11조 (개인정보의 위탁처리)- 엔에이치엔한국사이버결제 주식회사 업무에 엘페이 간편 결제 추가- (주)이씨에스텔레콤의 수탁사인 (주)위컴즈 추가(주)야놀자는 더 나은 서비스 제공을 위해 항상 최선을 다하겠습니다.앞으로도 지속적인 서비스 이용과 관심 부탁드립니다.", "22.03.29" ),
 ( 1, "전자금융거래 이용자 유의사항 안내 (2022.9.27)", "안녕하세요, 야놀자 입니다.「전자금융감독규정」 제 35조(이용자 유의사항 공지)에 따라, 아래와 같이 이용자 유의사항에 대하여 안내드립니다.• 비밀번호 유출위험 및 관리에 관한 사항• 비밀번호는 주민등록번호, 전화번호, 생년월일 등 다른사람이 쉽게 유추하기 쉬운 정보로 설정하지 마시고, 이용자 본인만 알 수 있는 비밀번호로 설정하여 주시기 바랍니다.• 비밀번호는 스마트폰, PC, 인터넷 등에 저장하지 마시고, 비밀번호가 다른 사람에게 노출되지 않도록 안전하게 관리하시기 바랍니다.• 비밀번호를 주기적으로 변경하시고 같은 비밀번호를 재사용하지 않도록 하시기 바랍니다.• 이용자보호 제도에 관한 사항• 야놀자는 전자금융거래약관에 따라 고객님과의 전자금융거래를 보호하고 있고, 이용자의 피해를 보상하기 위한 전자금융거래배상책임보험에 가입되어 있습니다.• 야놀자 이용자는 정보주체로서 다음과 같은 권리를 행사할 수 있습니다.• 개인정보의 제공 및 열람• 개인정보의 수집·이용에 대한 동의 철회 및 가입 해지• 이용자의 권리 행사는 다음 방법으로 요청할 수 있습니다.• 1:1 문의하기 (야놀자 > MY야놀자 > 카카오톡 1:1 문의)• 고객센터 (1644-1346, 운영시간 오전 9시 ~ 익일 오전 3시 운영)• 개인정보 침해로 인한 신고나 상담이 필요하신 경우, 아래 기관에 문의하시기 바랍니다.구분기관명연락처사이트 주소개인정보분쟁조정개인정보분쟁조정위원회1833-6972www.kopico.go.kr개인정보 침해신고센터한국인터넷진흥원118privacy.kisa.or.kr금융정보(개인신용)정보 침해신고금융민원센터1332www.fcsc.kr사이버범죄수사단대검찰청1301www.spo.go.kr사이버수사국경찰청182ecrm.cyber.go.kr• 해킹 · 피싱 등 전자적 침해방지에 관한 사항• 해킹·피싱 등에 의한 개인정보 유출 및 훼손의 전자적 피해를 방지하고 안전한 금융거래를 위해서 바이러스 백신, 스파이웨어 제거 프로그램을 이용하고 최신 보안패치를 적용합니다.• 의심되는 이메일이나 게시판의 글을 열어보지 말고 첨부파일은 열람(클릭) 또는 저장하기 전에 백신으로 검사합니다.• 야놀자 직원을 사칭하여 고객 인적사항에 대한 문의시 반드시 직원 이름과 전화번호를 확인하여, 확인 후에도 정보사항이 노출 되지 않도록 주의 부탁 드립니다.- 전자금융거래 이용자 유의사항 [자세히 보기](주)야놀자는 고객님의 안전한 서비스 이용을 위해 항상 최선을 다하겠습니다.감사합니다.", "22.09.27" ),
 ( 1, "야놀자 서비스 이용약관 개정 안내", " 야놀자를 이용해 주시는 회원분들께 감사드리며, 야놀자 서비스 이용약관이 아래와 같이 변경될 예정으로 사전 안내드립니다.  1. 적용시기: 2022년 3월 29일(화)  2.  개정 사유 야놀자 서비스 이용약관 동의 시 영리목적 광고성 정보 수신 동의 처리되는 부분을 삭제하고, 고객님께서 직접 영리목적 광고성 정보 수신동의를 선택하실 수 있도록 개편하고자 하며, 이에 따라, 야놀자 서비스 이용약관 전문에 명시되어 있던 “※ 본 약관 내에는 영리목적 광고성 정보 수신동의에 관한 사항이 포함되어 있습니다.” 항목을 삭제하고 제14조 정보 제공 및 광고의 게재 내용을 개정할 예정입니다. (기존, 야놀자 서비스 이용 약관 동의로 영리목적 광고성 정보 수신 동의 로 처리된 회원의 경우, 기존과 동일하게 영리목적 광고성 정보 수신 동의 회원으로 처리 됩니다.)  ", "22.03.18" ),
 ( 1, "야놀자 서비스 정기점검 안내 (03/08 AM 3:00 ~ 10:00)", "안녕하세요. 야놀자입니다.더욱 안정적인 서비스 제공을 위한 정기점검을 안내드립니다.  점검일시 안내 ▶ 2022년 3월 8일(화) 오전 3:00~10:00 (약 7시간 00분) 점검범위 안내 ▶ 야놀자 앱, PC웹 등 야놀자 서비스 전체 사용 불가   서비스 이용에 불편을 드려 죄송합니다. 빠른 점검과 안정된 서비스로 찾아뵙겠습니다.   감사합니다. ​ ​ ​​ ​ ​ ", "22.03.02" ),
 ( 1, "ID 계정 사용종료일 및 이메일 계정 가입 기간 연장 안내", "상기 2022. 3. 31.(목) 14:00 이후에는 이전 공지사항(“ID계정 사용종료 안내”)에서 안내해 드린 내용과 같이, 일반 ID 계정은 즉시 탈퇴처리 되고 야놀자 서비스 사용이 불가합니다. 또한, 안내드린 가입기간 이후 이메일 계정으로 가입하시더라도, 탈퇴 처리된 ID계정의 포인트 이관 및 보상포인트 지급 불가함을 유의하여 주시기 바라며, 연장 안내된 일정 내에 반드시 이메일 계정 가입을 완료하여 주시기 바랍니다.아울러, 상기 연장된 일정 외에 일반 ID 계정의 사용종료 정책은 이전 공지사항(“ID계정 사용종료 안내”)에서 안내해 드린 내용과 동일하오니, 본 정책의 세부사항은 이전 공지 안내사항을 참고하여 주시기 바랍니다.문의사항은 야놀자 고객센터(1644-1346)로 연락 부탁드립니다.", "22.02.16" ),
 ( 1, "야놀자 개인정보처리방침 개정 안내 (2022. 1. 4)", "안녕하세요. 야놀자입니다.보다 나은 서비스 제공을 위해 야놀자의 개인정보처리방침이 다음과 같이 변경됨을 알려 드립니다. ▶ 개인정보처리방침 변경 및 시행일 : 2022년 1월 4일 ▶ 개인정보처리방침 변경 내용 제 2조 (개인정보 수집에 대한 동의 및 수집 방법)- 이용자의 동의 없이 수집 가능한 개인정보 '광고식별자' 추가 제 5 조 (개인정보의 제3자 제공에 대한 동의)- 제공받는자 (주)애터미아자, (주)티머니, (주)KB국민카드, 롯데쇼핑(주), 공무원연금공단, (주)드림풋볼 추가 제11조 (개인정보의 위탁처리)- 개인정보처리 수탁업체 (주)산하정보기술, (주)쿠프마케팅 추가  - 계약종료된 ㈜써머스플랫폼, ㈜브링프라이스 삭제 (주)야놀자는 더 나은 서비스 제공을 위해 항상 최선을 다하겠습니다.앞으로도 지속적인 서비스 이용과 관심 부탁드립니다. 감사합니다.​ ​ ​​  ", "22.01.04" ),
 ( 1, "야놀자 서비스 정기점검 안내 (11/30 AM 3:00 ~ 7:50)", "안녕하세요. 야놀자입니다. 더욱 안정적인 서비스 제공을 위한 정기점검을 안내드립니다.   점검일시 안내 ▶ 2021-11-30(화) 03:00 AM ~ 07:50 AM (4시간 50분)  점검범위 안내 ▶ 야놀자 앱, PC웹 등 야놀자 서비스 전체 사용 불가     서비스 이용에 불편을 드려 죄송합니다. 빠른 점검과 안정된 서비스로 찾아뵙겠습니다. 감사합니다. ​ ​ ​​​ ", "21.11.23" ),
 ( 1, "ID 계정 사용종료 안내", "​이메일 계정 가입 기간: 2021. 12. 7.(화) 11:00 ~ 2022. 2. 28.(월) 23:59​이메일 계정 가입은 원활한 진행을 위해 순차적으로 이루어질 것입니다. 따라서 야놀자 앱 MY 야놀자 화면에 안내페이지로 접속할 수 있는 배너가 보이지 않는 회원분들은, 아직 가입 순서가 도래하지 않은 것이며, 가입 순서가 되면 별도 앱 푸쉬를 통해 안내해 드리겠습니다. 지금 배너가 보이지 않더라도 잠시만 기다려 주시기 바랍니다. 상기 일정은 야놀자의 사정에 따라 변경될 수 있으며, 변경시 공지를 통해 안내해 드리겠습니다.ID 계정으로 구매(예약)한 상품이 있다면, 해당 상품의 최종 사용 완료* 시까지 이메일 회원 가입이 불가합니다. 따라서 반드시 구매(예약)한 상품을 사용 완료해 주시기 바랍니다. ​*사용 완료 기준: 숙박 - 체크아웃 시간 이후, 교통 - 도착 시간 이후, 레저/모바일 티켓 - 구매 한 모든 상품의 사용 완료 또는 환불 완료 시  2. 이메일 계정 가입시 이관 및 삭제되는 항목 등 ​ID 계정이 보유한 야놀자 포인트는 이메일 계정 가입 시점 잔여 포인트 기준으로 이메일 계정으로 이관되고, 이용후기 등 게시물을 제외한 나머지 항목은 모두 삭제됩니다.이관 되는 항목삭제 되는 항목 삭제 되지 않는 항목  - 이메일 계정 가입 시점 기준 ID 계정이 보유한 야놀자 포인트- 회원(계정) 정보 일체- 미사용 야놀자 코인 및 할인 쿠폰- 예약 및 구매내역(국내숙소 , 해외 숙소, 레저/모바일교환권, KTX, 맛집 등 일체)- 찜 내역(국내숙소, 레저, 해외숙소 등), 혜택 정보, 밀크 연동 정보 등- 포인트, 코인 등의 상세 적립 내역- 프로모션 응모 및 당첨 이력  - 이용후기 등 게시물  ​미사용 야놀자 코인은 소멸되므로, 이메일 계정 가입 전 야놀자 포인트로 전환하여 이메일 계정으로 이관하거나, 밀크 서비스에서 밀크 코인으로 전환하여 주시기 바랍니다. ​ID 계정으로 응모하거나 당첨 된 프로모션 이력은 모두 삭제됩니다. 따라서 이메일 계정 가입 이후 프로모션에 응모하거나, 당첨 후 아직 리워드를 받지 못한 경우 수령 및 사용을 완료한 다음 기간 내에 절차를 진행하여 주시기 바랍니다.  ​이용후기 등 게시물은 회사가 임의로 삭제할 수 없습니다. 이메일 계정 가입이 완료되면 ID 계정의 회원정보가 모두 삭제되어 본인 여부를 확인할 수 없으므로, 기존 ID 회원의 요청이 있더라도 이용후기 등 잔여 게시물을 삭제할 수 없습니다. 따라서, 삭제를 원하는 게시물이 있을 경우 이메일 계정 가입 전 반드시 삭제하여 주시기 바랍니다.3. 보상 포인트 안내대상: 이메일 계정 가입 기간 내 안내페이지(링크)를 통해 이메일 회원으로 최초 가입 완료한 ID 계정 회원 (기존 이메일 계정 회원은 제외)보상: 30,000 야놀자 포인트지급일: 이메일 계정 가입 완료 즉시4. 유의사항ID 계정의 ​사용 종료일 또는 이메일 계정 가입 완료시, ID 계정은 자동 탈퇴 처리되고 모든 정보는 지체없이 파기되며 열람 및 복구가 불가합니다. 단, 법령에 따라 별도 보관이 필요한 정보는, 법령에 의거하여 정해진 기간 동안 분리 보관됩니다.따라서 ID 계정 내 필요한 정​보 등이 있을 경우 미리  백업해 주시기 바랍니다.보상 포인트는 이메일 계정 가입 기간 내 PUSH 등 별도 안내를 받고 배너 형태로 제공되는 안내페이지를 통해 이메일 계정으로 가입을 완료한 경우에만 지급됩니다. 안내페이지가 아닌 신규회원 가입 절차를 통해 이메일 회원으로 가입한 경우에는 지급 대상에서 제외되므로 유의​하여 주시기 바랍니다.​보상 포인트는 지급일로부터 90일, ID 계정에서 이관된 야놀자 포인트는 이관 완료일로부터 1년 동안 사용 가능합니다. ​유효 기간 내 미사용 시 야놀자 포인트 정책에 따라 소멸처리 됩니다.  본 공지사항과 관련하여 문의사항은 야놀자 고객센터(1644-1346)로 연락 부탁드립니다.", "21.11.19" ),
 ( 1, "야놀자 개인정보처리방침 개정 안내 (2021.11.15)", "안녕하세요. 야놀자입니다.보다 나은 서비스 제공을 위해 야놀자의 개인정보처리방침이 다음과 같이 변경됨을 알려 드립니다. ▶ 개인정보처리방침 변경 및 시행일 : 2021년 11월 15일▶ 개인정보처리방침 변경 내용제 3 조 (개인정보 수집∙이용 목적 및 수집항목 등), 제 5 조 (개인정보의 제3자 제공에 대한 동의)- 놀이공원 할인대전을 위한 수집∙이용∙제공 내용 추가 (주)야놀자는 더 나은 서비스 제공을 위해 항상 최선을 다하겠습니다.앞으로도 지속적인 서비스 이용과 관심 부탁드립니다. 감사합니다.​ ", "21.11.12" ),
 ( 1, "야놀자 개인정보처리방침 개정 안내 (2021.11.1)", "안녕하세요. 야놀자입니다.보다 나은 서비스 제공을 위해 야놀자의 개인정보처리방침이 다음과 같이 변경됨을 알려 드립니다. ▶ 개인정보처리방침 변경 및 시행일 : 2021년 11월 01일▶ 개인정보처리방침 변경 내용제 3 조 (개인정보 수집∙이용 목적 및 수집항목 등), 제 5 조 (개인정보의 제3자 제공에 대한 동의)- 대한민국 숙박대전 사업 참여를 위한 수집∙이용∙제공 내용 추가- 네이버페이 추가적립 프로모션 참여를 위한 제공 내용 추가 (주)야놀자는 더 나은 서비스 제공을 위해 항상 최선을 다하겠습니다.앞으로도 지속적인 서비스 이용과 관심 부탁드립니다. 감사합니다.​  ", "21.10.29" ),
 ( 1, "야놀자 개인정보처리방침 개정 안내 (2021.10.20)", "안녕하세요. 야놀자입니다. 보다 나은 서비스 제공을 위해 야놀자의 개인정보처리방침이 다음과 같이 변경됨을 알려 드립니다. ▶ 개인정보처리방침 변경 및 시행일 : 2021년 10월 20일 ▶ 개인정보처리방침 변경 내용 제11조 (개인정보의 위탁처리) 고객 상담 센터 추가로 주식회사 한국고용정보, ㈜월앤비전 추가  라이브커머스 솔루션 제공 및 운영지원 주식회사 모비두 추가  (주)야놀자는 더 나은 서비스 제공을 위해 항상 최선을 다하겠습니다. 앞으로도 지속적인 서비스 이용과 관심 부탁드립니다. 감사합니다.​ ​ ​​ ", "21.10.20" ),
 ( 1, "야놀자 개인정보처리방침 개정 안내 (2022.9.26)", "안녕하세요. 야놀자입니다.보다 나은 서비스 제공을 위해 야놀자의 개인정보처리방침이 다음과 같이 변경됨을 알려 드립니다.▶ 개인정보처리방침 변경 및 시행일 : 2022년 9월 27일▶ 개인정보처리방침 변경 내용제 2 조 (개인정보 수집에 대한 동의 및 수집 방법)제 3 조 (개인정보 수집∙이용 목적 및 수집항목 등)제 11 조 (개인정보의 위탁처리)(주)야놀자는 더 나은 서비스 제공을 위해 항상 최선을 다하겠습니다.앞으로도 지속적인 서비스 이용과 관심 부탁드립니다.", "22.09.26" ),
 ( 1, "야놀자 개인정보처리방침 개정 안내 (2021.9.16)", "(주)야놀자는 더 나은 서비스 제공을 위해 항상 최선을 다하겠습니다.앞으로도 지속적인 서비스 이용과 관심 부탁드립니다.​", "21.09.16" ),
 ( 1, "야놀자 서비스 정기점검 안내 (9/14 AM 3:00 ~ 7:00)", "", "21.09.01" ),
 ( 1, "야놀자 개인정보처리방침 개정 안내 (2021.8.31)", "▶ 개인정보처리방침 변경 및 시행일 : 2021년 8월 31일▶ 개인정보처리방침 변경 내용제 3 조 (개인정보 수집∙이용 목적 및 수집항목 등)- 신규 제휴몰(SKT 멤버십, 롯데멤버스) 추가​- ​애플 로그인 기능 추가로 회원 유형이 추가되어 이메일 회원의 경우에만 비밀번호를 수집하는 사실 추가제 5 조 (개인정보의 제3자 제공에 대한 동의)​- ​계약 종료로 인한 SK텔레콤(주), (주)동행서비스 삭제​- ​제휴몰 추가로 인한 에스케이텔레콤(주), 롯데멤버스(주) 추가제11조 ( 개인정보의 위탁처리)​- ​게스트하우스 상품 운영 관리 및 고객상담 업무를 지냄에 위탁함을 추가(주)야놀자는 더 나은 서비스 제공을 위해 항상 최선을 다하겠습니다.앞으로도 지속적인 서비스 이용과 관심 부탁드립니다.", "21.08.31" ),
 ( 1, "야놀자 개인정보처리방침 개정 안내 (2021.7.27)", "안녕하세요. 야놀자입니다. 보다 나은 서비스 제공을 위해 야놀자의 개인정보처리방침이 다음과 같이 변경됨을 알려 드립니다. ▶ 개인정보처리방침 변경 및 시행일 : 2021년 7월 27일 ▶ 개인정보처리방침 변경 내용 제 5 조 (개인정보의 제3자 제공에 대한 동의) 고속버스 서비스 오픈으로 인한 고속버스터미널 리스트 및 운수사(금호고속(주), (주)동부고속, (주)동양고속, (주)삼화고속, 금호속리산고속(주), (주)중앙고속, (주)천일고속, (주)한일고속, (주)대원고속, 코리아와이드경북, (주)충남고속) 추가네이버 주식회사, 주식회사 카카오 추가 (주)야놀자는 더 나은 서비스 제공을 위해 항상 최선을 다하겠습니다. 앞으로도 지속적인 서비스 이용과 관심 부탁드립니다. 감사합니다.​ ​ ​​ ", "21.07.27" ),
 ( 1, "야놀자 개인정보처리방침 개정 안내 (2021.7.6)", "보다 나은 서비스 제공을 위해 야놀자의 개인정보처리방침이 다음과 같이 변경됨을 알려 드립니다.▶ 개인정보처리방침 변경 및 시행일 : 2021년 7월 6일▶ 개인정보처리방침 변경 내용제 11 조(개인정보의 위탁처리)- ㈜젤라블루코리아, 비바리퍼블리카㈜, 주식회사 차이코퍼레이션, 네이버파이낸셜 주식회사, ㈜엘지씨엔에스, ㈜쿠콘, 세틀뱅크 주식회사, 한국정보통신(주) 추가(주)야놀자는 더 나은 서비스 제공을 위해 항상 최선을 다하겠습니다.앞으로도 지속적인 서비스 이용과 관심 부탁드립니다.", "21.07.06" ),
 ( 1, "야놀자 서비스 정기점검 안내 (6/30 AM 3:00 ~ 6:00)", "안녕하세요. 야놀자입니다.더욱 안정적인 서비스 제공을 위한 정기점검을 안내드립니다.  점검일시 안내 ▶ 2021년 6월 30일(수) 오전 3:00~6:00 (약 3시간) 점검범위 안내 ▶ 야놀자 앱, PC웹 등 야놀자 서비스 전체 사용 불가   서비스 이용에 불편을 드려 죄송합니다. 빠른 점검과 안정된 서비스로 찾아뵙겠습니다.   감사합니다. ​ ​ ​​ ​ ", "21.06.25" ),
 ( 1, "야놀자 개인정보처리방침 개정 안내 (2021.6.21)​", "안녕하세요. 야놀자입니다.보다 나은 서비스 제공을 위해 야놀자의 개인정보처리방침이 다음과 같이 변경됨을 알려 드립니다. ▶ 개인정보처리방침 변경 및 시행일 : 2021년 6월 21일▶ 개인정보처리방침 변경 내용 제 3조 (개인정보 수집∙이용 목적 및 수집항목 등)- 대국민 숙박할인 쿠폰사업 관련 내용 삭제, 제휴몰 목록에 블루베리몰, 코레일톡, 페이북, 동행, 베네피아 추가 제 5 조 (개인정보의 제3자 제공에 대한 동의)- 지냄/야놀자에프앤지 삭제, 코레일톡 연동으로 인한 한국철도공사 추가 제 9 조 (맞춤형 광고 안내)- 행태정보 수집·처리자와 제공 받는자에서 Criteo, 이엠넷 삭제 제 11 조(개인정보의 위탁처리)- 야놀자에프앤지 삭제, 금상관 추가 (주)야놀자는 더 나은 서비스 제공을 위해 항상 최선을 다하겠습니다.앞으로도 지속적인 서비스 이용과 관심 부탁드립니다. 감사합니다.​ ​ ​​ ", "21.06.21" ),
 ( 1, "바른후기 작성 기준 정책 변경 안내 (2021.06.09)", "안녕하세요. 야놀자입니다.야놀자 <바른후기 작성 기준>이 아래와 같이 변경되어 공지 안내 드립니다. 변경 사항- 바른후기 작성 가능 시점 변경 : 투숙일 기준 14일 이내  -> 이용완료일(퇴실일) 기준 14일 이내 변경(참고: 현재 정책과 동일하게 바른 후기는 숙박 카테고리에서만 작성 가능합니다.) 변경 시행일- 2021년 6월 9일 11시 00분 기준 기존 예약한 내역 건부터 적용 ● 상기 사항 외 야놀자 바른후기 정책은 동일하게 유지됩니다. 관련 사항은 고객센터(1644-1346)로 문의 주시면, 친절하게 안내 드리겠습니다.항상 야놀자 서비스에 관심을 갖고 이용해주시는 고객님들께 진심으로 감사드리며, 보다 나은 서비스 제공을 위해 언제나 최선을 다하는 야놀자가 되겠습니다. 감사합니다.", "21.06.01" ),
 ( 1, "야놀자 서비스 정기점검 안내 (09/27 AM 3:00 ~ 07:00)", "안녕하세요. 야놀자입니다.더욱 안정적인 서비스 제공을 위한 정기점검을 안내드립니다.  점검일시 안내 ▶ 2022년 9월 27일(화) 오전 3:00~10:00 (약 4시간 00분) 점검범위 안내 ▶ 야놀자 앱, PC웹 등 야놀자 서비스 전체 사용 불가  서비스 이용에 불편을 드려 죄송합니다. 빠른 점검과 안정된 서비스로 찾아 뵙겠습니다. 감사합니다. ​ ​ ​​ ", "22.09.20" ),
 ( 1, "고객센터 이용 지연 안내", "예약 및 취소 문의에 대해 고객센터 연결 지연으로 이용에 불편을 드린 점 진심으로 사과드립니다.야놀자는 최근 코로나 확진자 증가에 따라 확산을 방지하고, 정부의 방역 지침을 준수하고 있습니다.현재 코로나 방역 지침에 따라 근무자는 마스크를 착용하여 상담 중이며, 제한된 근무인력으로 상담이 진행되고 있어 고객센터 연결 지연으로 인한 이용에 불편을 드린 점 고객님의 너른 양해부탁드립니다.문의사항은 순차적으로 확인해 모두 처리진행 될 예정이며, 연결 불발로 예약변경/취소를 진행하지 못하신 경우에는 연결 시점이 아닌, 최초 문의하신 시점을 기준으로 도움 드릴 예정입니다. 상담 지연으로 불편을 겪고 계실 경우,* 자주 묻는 질문 FAQ에서 문의 내용을 확인 부탁드리며* 예약 취소는 MY야놀자 > 예약 및 구매내역 > 숙소 이용 내역을 통해서도 직접 처리 가능합니다.다시 한번 이용에 불편을 드린 점 사과드리며, 신속하고 정확한 응대를 위해 최선을 다하겠습니다.", "21.05.30" ),
 ( 1, "야놀자 개인정보처리방침 개정 안내 (2021.4.27)", "안녕하세요. 야놀자입니다.보다 나은 서비스 제공을 위해 야놀자의 개인정보처리방침이 다음과 같이 변경됨을 알려 드립니다. ▶ 개인정보처리방침 변경 및 시행일 : 2021년 4월 27일▶ 개인정보처리방침 변경 내용제2조 (개인정보 수집에 대한 동의 및 수집 방법)계약을 이행하기 위해 필요한 개인정보로서 경제적∙기술적인 사유로 통상적인 동의를 받는 것이 뚜렷하게 곤란한 항목 추가 제3조 (개인정보 수집∙이용 목적 및 수집항목 등)- 계약을 이행하기 위해 필요한 개인정보로서 경제적ㆍ기술적인 사유로 통상적인 동의를 받는 것이 뚜렷하게 곤란한 항목 삭제- 개인맞춤형 상품∙서비스 혜택 제공 목적의 개인정보 보유∙이용기간 현행화 및 처리하는 개인정보 항목 구체화- 필수정보에서 자동수집 장치로 수집하는 개인정보 항목 삭제(Cookie, 광고식별자)- 위치정보 처리현황 추가 제4조 (개인정보 자동수집 장치의 설치∙운영 및 그 거부에 관한 사항)- 브라우저별 쿠키설정 방법 추가- 쿠키에 광고식별자와 디바이스 ID를 적재함을 안내(주)야놀자는 더 나은 서비스 제공을 위해 항상 최선을 다하겠습니다.앞으로도 지속적인 서비스 이용과 관심 부탁드립니다. 감사합니다.​ ​ ​​ ​ ", "21.04.27" ),
 ( 1, "통신사 멤버십 할인 혜택 변경 안내", "안녕하세요, 야놀자입니다.기존에 운영하던 일부 통신사 멤버십 할인 혜택이 일시적으로 변경 될 예정이오니 참고 부탁드립니다. 변경 전- 할인 횟수 : 월 1회- 할인율 : 예약 금액의 4% 할인 (최대 5,000원 할인)- 할인 적용 대상    - 국내숙박상품(모텔(대실 제외)/호텔/펜션/게스트하우스)    - KT멤버십의 경우 예약금액 5만원 이상의 상품 (T멤버십은 별도 제한 없음)  변경 후- SKT 의 경우 기존 제공하던 4% 할인 종료- KT 멤버십 할인 혜택은 변동 없음​  변경 시행일- 2021년 8월 1일 ~ 별도 공지시까지 SKT의 T멤버십의 개편에 따라 T멤버십 서비스 내에서 야놀자 상품에 대한 혜택을 받으실 수 있습니다. 고객님들의 혜택을 늘리기 위해 더욱 노력하는 야놀자가 되겠습니다.  감사합니다.", "21.07.01" ),
 ( 1, "통신사 멤버십 할인 혜택 변경 안내", "코로나바이러스로 인한 전 세계적인 여행업계의 위축으로 인해 일부 통신사 멤버십 할인 혜택이 일시적으로 축소될 예정이오니 참고 부탁드립니다. 변경 전- 할인 횟수 : 월 1회- 할인율 : 예약 금액의 4% 할인 (최대 5,000원 할인)- 할인 적용 대상    -  국내숙박상품 (모텔(대실 제외)/호텔/펜션/게스트하우스) 변경 후- 할인 횟수 : 월 1회- 할인율 : 예약 금액의 4% 할인 (최대 5,000원 할인)- 할인 적용 대상    - 국내숙박상품(모텔(대실 제외)/호텔/펜션/게스트하우스)    - KT멤버십의 경우 예약금액 5만원 이상의 상품 (T멤버십은 별도 제한 없음) 변경 시행일- 2021년 4월 1일 ~ 별도 공지시까지 부득이 할인규모를 축소할 수밖에 없음에 대해 죄송하게 생각합니다. 고객님들의 혜택을 늘리기 위해 더욱 노력하는 야놀자가 되겠습니다.  ", "21.02.26" ),
 ( 1, "레저/티켓 포인트 및 코인 적립 종료 안내 (적립 종료 예정일 : 2021.08.20 00시)", "안녕하세요 야놀자입니다.아래와 같이 진행되었던 레저/티켓 카테고리 상품에 대한 포인트 및 코인 적립 종료를 안내드립니다.[프로모션명]레저/티켓 카테고리 실 결제금액 1% 포인트 적립 프로모션 (진행기간: 2019.06.01~2020.11.30)야놀자 코인 론칭 레저/티켓 실 결제금액 5% 코인 적립 프로모션 (진행기간: 2020-05-19 ~ 2020-09-30)[적립 종료 일정]적립 종료 예정일 : 2021.08.20 00시2021.08.19 23:59:59까지 사용 완료된 건에 대해서는 2021.08.20 지급 예정적립 종료 정책에 따라 종료 예정 시점(2021.08.19 23:59:59)까지 사용이 완료되지 않은 티켓의 경우,  혜택 지급이 불가 한 점 안내드리며, 해당되시는 고객님들께서는 기간내 빠른 사용을 권장 드립니다.관련하여 문의사항은 야놀자 고객센터(02-1644-1346)로 부탁드립니다.감사합니다.야놀자 드림.", "21.07.01" ),
 ( 1, "바른후기 포인트 적립 정책 변경 안내", "안녕하세요, 야놀자 입니다.야놀자 서비스의 <바른후기 포인트> 정책이 아래와 같이 변경 되어 안내 드립니다.  변경 전● 국내 숙소 카테고리에 한하여 바른 후기 작성 시, 총 판매금액의 0.5%가 ‘포인트’ 로 적립됩니다. 변경 후​● 국내 숙소 카테고리에 한하여 바른 후기 작성 시, 총 판매금액의 0.5%에 해당하는 금액만큼 '야놀자 코인'(1원=1C)으로 적립됩니다.​  앱 : [변경 바른후기 포인트 정책 전문보기] 웹 : [변경 바른후기 포인트 정책 전문보기] ​   변경 시행일​● ​​2021년 3월 16일(화) 0시 0분 기준 후기 작성 건 부터 적용됩니다.​​● ​상기 사항 외 야놀자 포인트 정책은 동일하게 유지됩니다.​   관련 사항은 고객센터(1644-1346)로 문의 주시면, 친절하게 안내 드리겠습니다. 항상 야놀자 서비스에 관심을 갖고 이용해주시는 고객님들께 진심으로 감사드리며, 보다 나은 서비스 제공을 위해 언제나 최선을 다하는 야놀자가 되겠습니다. 감사합니다.", "21.02.05" ),
 ( 1, "야놀자 서비스 정기점검 변경 안내 (2/16 AM 3:00 ~ 8:00)", "안녕하세요. 야놀자입니다. 더욱 안정적인 서비스 제공을 위한 정기점검 일정이 변경되어 안내 드립니다. 점검일시 안내 변경 전 ▶2021년 2월 16일(화) 오전 3:00~6:00 (약 3시간)  변경 후 ▶2021년 2월 16일(화) 오전 3:00~8:00 (약 5시간)   점검범위 안내 ▶ 야놀자 앱, PC웹 등 야놀자 서비스 전체 사용 불가   서비스 이용에 불편을 드려 죄송합니다. 빠른 점검과 안정된 서비스로 찾아뵙겠습니다.   감사합니다.​ ​ ", "21.02.08" ),
 ( 1, "야놀자 개인정보처리방침 개정 안내 (2020.12.15)", "안녕하세요. 야놀자입니다.보다 나은 서비스 제공을 위해 야놀자의 개인정보처리방침이 다음과 같이 변경됨을 알려 드립니다. ▶ 개인정보처리방침 변경 및 시행일 : 2020년 12월 15일▶ 개인정보처리방침 변경 내용 제3조 (개인정보 수집∙이용 목적 및 수집항목 등)- 제휴몰(삼성카드, 이제너두 등)에서 야놀자 상품을 구매한 고객 개인정보의 수집∙이용 목적, 수집항목, 보유∙이용기간 명시  제5조 (개인정보의 제3자 제공에 대한 동의)- 제휴몰(삼성카드, 이제너두 등)로 제공하는 개인정보의 제공받는자, 제공 목적, 제공 항목, 제공받는자의 보유∙이용기간 명시 제11조 (개인정보의 위탁처리)- 휴대폰 결제 수탁사(갤럭시아머니트리(주))의 사명 면경- 카드결제 수탁사로 (주)케이지이니시스 추가- 제휴몰(삼성카드, 이제너두 등)을 통한 구매페이지 개발 및 유지보수 수탁사 추가 (주)야놀자는 더 나은 서비스 제공을 위해 항상 최선을 다하겠습니다.앞으로도 지속적인 서비스 이용과 관심 부탁드립니다. 감사합니다.​ ​ ​ ", "20.12.14" ),
 ( 1, "야놀자 개인정보처리방침 및 위치정보이용약관 개정 안내", "보다 나은 서비스 제공을 위해 야놀자의 개인정보처리방침과 위치정보이용약관이 다음과 같이 변경됨을 알려 드립니다.▶ 개인정보처리방침 변경 및 시행일 : 2021년 3월 19일▶ 위치정보이용약관 변경 및 시행일 : 2021년 3월 30일▶ 변경 내용1. 개인정보처리방침제2조 (개인정보 수집에 대한 동의 및 수집 방법)- 앱을 통해 개인정보를 수집할 수 있음을 명시제3조 (개인정보 수집∙이용 목적 및 수집항목 등)- 상담과정에서 개인정보가 수집될 수도 있음을 명시 제5조 (개인정보의 제3자 제공에 대한 동의)- 제3자 제공사 현행화(기존 숙박대전 관련 문구 삭제)제9조 (맞춤형 광고 안내)- 개인정보 보호책임자 변경(이은호 → 김창오)​제11조 (개인정보의 위탁처리)- 데이터 보관 및 인프라 관리 수탁사(Amazon Web Services, Inc.) 추가- 재위탁 관계를 명확히 알리기 위해 수탁사인 스펙트라의 수탁사((주)카카오) 추가제13조 (의견수렴 및 불만처리)- 경찰청 사이버안전국 명칭 및 URL 변경 반영제14조 (개인정보 보호책임자)- 개인정보 보호책임자 변경(이은호 → 김창오)2. 위치정보이용약관제2조 (이용약관의 효력 및 변경)- 현행법에 맞게끔 공지일 변경(10일전 → 지체없이)부칙- 위치정보 관리책임자 변경(엄태욱 → 김창오)- 위치정보 관리자 변경(설진영 → 김동우)(주)야놀자는 더 나은 서비스 제공을 위해 항상 최선을 다하겠습니다.앞으로도 지속적인 서비스 이용과 관심 부탁드립니다.감사합니다.​", "21.03.19" ),
 ( 1, "야놀자 서비스 정기점검 변경 안내 (12/8 AM 3:00 ~ 7:00)", "안녕하세요. 야놀자입니다. 더욱 안정적인 서비스 제공을 위한 정기점검 일정이 변경되어 안내 드립니다.  점검일시 안내 변경 전▶2020년 11월 24일(화) 오전 3:00~7:00 (약 4시간) 변경 후▶2020년 12월 8일(화) 오전 3:00~7:00 (약 4시간)  점검범위 안내 ▶ 야놀자 앱, PC웹 등 야놀자 서비스 전체 사용 불가   서비스 이용에 불편을 드려 죄송합니다. 빠른 점검과 안정된 서비스로 찾아뵙겠습니다. 감사합니다.​ ​ ", "20.11.20" ),
 ( 1, "야놀자 개인정보처리방침 개정 안내 (2022.9.8)", "안녕하세요. 야놀자입니다.보다 나은 서비스 제공을 위해 야놀자의 개인정보처리방침이 다음과 같이 변경됨을 알려 드립니다.▶ 개인정보처리방침 변경 및 시행일 : 2022년 9월 8일▶ 개인정보처리방침 변경 내용제 3 조 (개인정보 수집∙이용 목적 및 수집항목 등)제 5 조 (개인정보의 제3자 제공에 대한 동의)제 11 조 (개인정보의 위탁처리)(주)야놀자는 더 나은 서비스 제공을 위해 항상 최선을 다하겠습니다.앞으로도 지속적인 서비스 이용과 관심 부탁드립니다.감사합니다.​ ​ ​", "22.09.08" ),
 ( 1, "야놀자 서비스 정기점검 변경 안내 (11/24 AM 3:00 ~ 7:00)", "안녕하세요. 야놀자입니다. 더욱 안정적인 서비스 제공을 위한 정기점검 일정이 변경되어 안내 드립니다. 점검일시 안내변경 전▶2020년 11월 17일(화) 오전 3:00~7:00 (약 4시간) 변경 후▶2020년 11월 24일(화) 오전 3:00~7:00 (약 4시간)  점검범위 안내 ▶ 야놀자 앱, PC웹 등 야놀자 서비스 전체 사용 불가   서비스 이용에 불편을 드려 죄송합니다.빠른 점검과 안정된 서비스로 찾아뵙겠습니다.감사합니다.​ ", "20.11.13" ),
 ( 1, "야놀자 서비스 정기점검 안내 (2/16 AM 3:00 ~ 6:00)", "안녕하세요. 야놀자입니다. 더욱 안정적인 서비스 제공을 위한 정기점검을 안내드립니다.  점검일시 안내 ▶ 2021년 2월 16일(화) 오전 3:00~6:00 (약 3시간)  점검범위 안내 ▶ 야놀자 앱, PC웹 등 야놀자 서비스 전체 사용 불가   서비스 이용에 불편을 드려 죄송합니다. 빠른 점검과 안정된 서비스로 찾아뵙겠습니다. 감사합니다. ​ ​ ​​ ", "21.02.02" ),
 ( 1, "야놀자 서비스 정기점검 안내(11/17 AM 3:00 ~ 7:00)", "안녕하세요. 야놀자입니다. 더욱 안정적인 서비스 제공을 위한 정기점검을 안내드립니다.   점검일시 안내 ▶ 2020년 11월 17일(화) 오전 3:00~7:00 (약 4시간)  점검범위 안내 ▶ 야놀자 앱, PC웹 등 야놀자 서비스 전체 사용 불가   서비스 이용에 불편을 드려 죄송합니다. 빠른 점검과 안정된 서비스로 찾아뵙겠습니다.  감사합니다. ​ ​ ​ ", "20.11.11" ),
 ( 1, "코로나 19 확산에 따른 일부 쿠폰 회수 안내 (2020.12.23)", "코로나19 확산에 따른 정부의 거리두기 강화 방침에 따라 2020.12.24~2021.01.05 투숙 시 사용 가능한 쿠폰 지급 이벤트는 중단되며, 기 지급된 쿠폰의 경우 사용이 중단(자동 회수 처리) 되는 점 양해 부탁드립니다.추후, 코로나 19 정부 가이드 등에 따라 본 이벤트 재개 시 안내 드리겠습니다. 1. 일시​▶ ​2020년 12월 23일 오후 2시 ~ 2. 내용​▶ ​12월 사용 가능한 쿠폰 발급 중지 및 기발급 쿠폰 회수​▶ ​대상 쿠폰: 총 7종   초특가릴레이_미리예약_3천원쿠폰   초특가릴레이_미리예약_7천원쿠폰   초특가릴레이_미리예약_9천원쿠폰    초특가릴레이_미리예약_1.1만원쿠폰   초특가릴레이_미리예약_2만원쿠폰   X-MAS 모텔 대실 2천원쿠폰   X-MAS 모텔 숙박 5천원 쿠폰 늘 야놀자를 아껴 주시는 고객님께 감사드리며, 더욱 좋은 서비스를 제공하기 위해 노력하는 야놀자가 되겠습니다. 감사합니다.", "20.12.23" ),
 ( 1, "야놀자 개인정보처리방침 개정 안내 (2020.11.4)", "안녕하세요. 야놀자입니다. 보다 나은 서비스 제공을 위해 야놀자의 개인정보처리방침이 다음과 같이 변경됨을 알려 드립니다. ▶ 개인정보처리방침 변경 및 시행일 : 2020년 11월 04일 ▶ 개인정보처리방침 변경 내용 제2조 (개인정보 수집에 대한 동의 및 수집 방법), 제3조 (개인정보 수집∙이용 목적 및 수집항목 등), 제5조 (개인정보의 제3자 제공에 대한 동의) - 개인정보 보호법 개정내용을 반영하여 수집 목적과 합리적인 관련성이 있고 정보주체에게 불이익이 발생하지 않으며, 안전성 확보조치를 적용한 경우 동의없이 이용∙제공할 수 있음을 추가 - 대국민 숙박할인 쿠폰사업 참여를 위한 수집∙이용∙제공 현황 추가 제11조 (개인정보의 위탁처리)밀크파트너스 주식회사 삭제 그외 개인정보 보호법 개정내용 반영* 및 오타수정 등의 현행화 *정보통신망법, 방송통신위원회 등 삭제 (주)야놀자는 더 나은 서비스 제공을 위해 항상 최선을 다하겠습니다. 앞으로도 지속적인 서비스 이용과 관심 부탁드립니다. 감사합니다.​ ​ ", "20.11.03" ),
 ( 1, "야놀자 서비스 정기점검 안내(10/22 AM 3:00 ~ 7:00)", "안녕하세요. 야놀자입니다. 더욱 안정적인 서비스 제공을 위한 정기점검을 안내드립니다.   점검일시 안내▶ 2020년 10월 22일(목) 오전 3:00~7:00 (약 4시간) 점검범위 안내▶ 야놀자 앱, PC웹 등 야놀자 서비스 전체 사용 불가   서비스 이용에 불편을 드려 죄송합니다. 빠른 점검과 안정된 서비스로 찾아뵙겠습니다.  감사합니다. ​ ​ ", "20.10.08" ),
 ( 1, "야놀자 포인트 적립 정책 변경 안내", "야놀자 서비스의 <포인트 적립 기준>이 아래와 같이 일부 변경(종료) 되어 공지 안내 드립니다. <변경 사항>국내 레저/티켓 예약, 해외숙소 예약, 기차 승차권 예약(예매) 포인트 적립 종료야놀자 서비스 내 레저티켓, 해외숙소, 기차 예약/예매시 지급되던 기본 포인트 적립 서비스가 종료됩니다. <변경 시행일>2020년 12월 01일 00시 00분 기준 예약/예매 발생 건 부터 적용상기 사항 외 야놀자 포인트 정책은 동일하게 유지됩니다. 관련 사항은 고객센터(1644-1346)로 문의 주시면, 친절하게 안내 드리겠습니다.항상 야놀자 서비스에 관심을 갖고 이용해주시는 고객님들께 진심으로 감사드리며, 보다 나은 서비스 제공을 위해 언제나 최선을 다하는 야놀자가 되겠습니다. ", "20.10.29" ),
 ( 1, "야놀자 개인정보처리방침 개정 안내 (2020.8.7)", "안녕하세요. 야놀자입니다. 보다 나은 서비스 제공을 위해 야놀자의 개인정보처리방침이 다음과 같이 변경됨을 알려 드립니다. ▶ 개인정보처리방침 변경 및 시행일 : 2020년 8월 7일 ▶ 개인정보처리방침 변경 내용제 3 조 (개인정보 수집∙이용 목적 및 수집항목 등)본인 인증 및 성인인증이 필요한 서비스 제공 관련 신규 수집항목 추가 분류 : 선택정보수집∙이용동의 목적 : 본인 인증 및 성인 인증이 필요한 서비스 제공, 불법∙부정이용방지, 상담∙불만∙민원처리항목 : 이름, 성별, 생년월일, 휴대폰 번호, CI(연계정보), 통신사 정보보유∙이용기간 : 회원 탈퇴 요청 시 상담 등 민원처리, 불법∙부정이용방지, 정산 및 환불 처리를 위해 30일 후 삭제, 관계법령에 따라 보존할 필요가 있는 경우 해당 법령에서 요구하는 기한까지 보관 제 11 조 (개인정보의 위탁처리)수탁업체 중 SMS발송 업무를 하고 있는 인포뱅크 주식회사 삭제 (주)야놀자는 더 나은 서비스 제공을 위해 항상 최선을 다하겠습니다. 앞으로도 지속적인 서비스 이용과 관심 부탁드립니다. 감사합니다.​ ​ ​​ ", "20.08.10" ),
 ( 1, "야놀자 개인정보처리방침 개정 안내 (2020.7.16)", "안녕하세요. 야놀자입니다. 보다 나은 서비스 제공을 위해 야놀자의 개인정보처리방침이 다음과 같이 변경됨을 알려 드립니다. ▶ 개인정보처리방침 변경 및 시행일 : 2020년 7월 16일 ▶ 개인정보처리방침 변경 내용 제 9 조 (맞춤형 광고 안내)고객(이용자) 피해구제 방법의 담당자 변경 : 이은호(CPO) 제 11 조 (개인정보의 위탁처리)수탁업체 중 네이버파이낸셜(주), (주)케이지이니시스, (주)비바리퍼블리카, 한국정보통신(주) 삭제엔에이치엔한국사이버결제(주)의 위탁 업무 내용에 SSG페이, 실시간 계좌이체 추가 제 14 조 (개인정보 보호책임자)개인정보 보호책임자 변경 : 이은호(CPO)개인정보 관리담당자 변경 : 김동우(보안정책팀) (주)야놀자는 더 나은 서비스 제공을 위해 항상 최선을 다하겠습니다. 앞으로도 지속적인 서비스 이용과 관심 부탁드립니다. 감사합니다.​ ​ ​", "20.07.15" ),
 ( 1, "야놀자 서비스이용약관 개정 안내 (2020.8.7)", "안녕하세요. 야놀자입니다. 야놀자를 이용해주시는 회원 분들께 감사 드리며, 서비스이용약관을 아래와 같이 일부 변경하고자 사전 안내 드립니다. 1. 적용시기: 2019년 8월 7일(금) 2. 주요 변경 내용 - 야놀자 본인인증 서비스 관련 내용을 추가하였습니다. 3. 개정 전문 ※ 본 약관 내에는 영리목적 광고성 정보 수신동의에 관한 사항이 포함되어 있습니다. 제1장 총 칙 제1조 (목적)이 약관(이하 “약관”이라 합니다)은 ㈜야놀자(이하 “회사”라 합니다)와 이용 고객(이하 “회원”이라 합니다)간에 회사가 제공하는 서비스(이하 “서비스”라 합니다)를 이용함에 있어 회원과 회사간의 권리, 의무 및 책임사항, 이용조건 및 절차 등 기본적인 사항을 규정함을 목적으로 합니다. 제2조 (용어의 정의)본 약관에서 사용되는 용어의 정의는 다음과 같습니다 (1) “서비스” : 회사가 제공하는 여가(숙박∙레저∙티켓∙클래스 등으로 이에 한정되지 않음) 관련 상품∙용역∙서비스 등(이하 “상품등”이라 합니다)에 대한 예약∙구매∙정보제공∙추천 등을 위한 온라인 플랫폼 서비스를 의미합니다. 서비스는 구현되는 장치나 단말기(PC, TV, 휴대형 단말기 등의 각종 유무선 장치를 포함하며 이에 한정되지 않음)와 상관 없이 야놀자 및 야놀자 관련 웹(Web)∙앱(App) 등의 제반 서비스를 의미하며, 회사가 공개한 API를 이용하여 제3자가 개발 또는 구축한 프로그램이나 서비스를 통하여 이용자에게 제공되는 경우를 포함합니다. 서비스는 여가 문화가 변하고 기술이 발전함에 따라 지속적으로 함께 변화∙성장해 나갑니다.(2) “회원” : 서비스에 접속하여 본 약관에 따라 회사와 이용계약을 체결하고 회사가 제공하는 서비스를 이용하는 고객을 말하며, 회원계정(ID/PW)을 생성하지 않은 일반 고객(일명 비회원 고객)도 포함됩니다.(3) “판매자” : 회사가 제공하는 서비스를 이용하여 자신의 상품∙용역∙서비스 등을 판매하는 자를 의미하며, 회사로부터 예약∙판매 대행, 광고 서비스 등을 제공받는 자를 말합니다.(4) “게시물” : 회원 및 이용 고객이 서비스에 게시 또는 등록하는 부호(URL 포함), 문자, 음성, 음향, 영상(동영상 포함), 이미지(사진 포함), 파일 등을 말합니다.(5) “쿠폰” : 회원이 서비스를 이용할 때 표시된 금액 또는 비율만큼 이용 금액을 할인 받을 수 있는 할인권∙우대권 등(온라인∙모바일∙오프라인 등 형태를 불문)를 말합니다. 쿠폰의 종류 및 내용은 회사의 정책에 따라 달라질 수 있습니다.(6) “포인트” : 회사가 회원의 서비스 이용에 따른 혜택 또는 서비스 이용상 편의를 위해 회원에게 제공하는 것으로서 서비스 내 상품 등 결제시 활용할 수 있는 수치화 된 가상의 데이터를 말합니다. 구체적인 이용 방법, 그 명칭(예: 마일리지 등) 및 현금 환급가능성 등은 회사의 정책에 따라 달라질 수 있습니다.(7) 야놀자 코인 : 포인트로 교환하여 사용할 수 있는 수치화 된 가상의 데이터를 말합니다. 구체적인 이용 방법, 그 명칭 등은 회사의 정책에 따라 달라질 수 있습니다. 제3조 (약관의 효력 및 변경)① 본 약관은 서비스를 이용하고자 하는 모든 회원에 대하여 그 효력을 발생합니다. 단, 일부 특정 서비스'의 경우 본 약관이 아닌 회사에 해당 서비스를 제공하는 사업자의 약관이 적용됩니다(자세한 안내는 각 서비스 영역에 별도 표시).② 본 약관은 회원이 서비스 가입 시 열람 할 수 있으며, 회사는 회원이 원할 때 언제든지 약관을 열람 할 수 있도록 회사 홈페이지 또는 앱 내에 게시합니다.③ 회사는 『약관의 규제에 관한 법률』, 『전자상거래 등에서의 소비자보호에 관한 법률』, 『정보통신망 이용촉진 및 정보보호(이하 “정보통신망법”이라 합니다)』, , 『소비자기본법』, 『전자문서 및 전자거래 기본법』 등 관련법에 위배되지 않는 범위 내에서 본 약관을 개정할 수 있습니다.④ 회사가 약관을 변경할 경우에는 적용일자, 변경사유를 명시하여 적용일로부터 7일 이전부터 공지합니다. 다만, 회원에게 불리한 약관 변경인 경우에는 그 적용일로부터 30일전부터 위와 같은 방법으로 공지하고, E-mail 등으로 회원에게 개별 통지합니다. 단, 회원의 연락처 미기재, 변경 후 미수정 등으로 인하여 개별 통지가 어려운 경우 공지를 개별 통지로 간주합니다.⑤ 회사가 제4항에 따라 개정약관을 공지 또는 통지하면서, 회원에게 약관 변경 적용일 까지 거부의사를 표시하지 않으면 약관의 변경에 동의한 것으로 간주한다는 내용을 공지 또는 통지하였음에도 회원이 명시적으로 약관 변경에 대한 거부의사를 표시하지 아니하는 경우 회원이 개정약관에 동의한 것으로 간주합니다.⑥ 회원은 변경된 약관에 동의하지 아니하는 경우 서비스의 이용을 중단하고 이용계약을 해지할 수 있습니다.⑦ 회원은 약관 변경에 대하여 주의의무를 다하여야 하며, 변경된 약관의 부지로 인한 회원의 피해는 회사가 책임지지 않습니다. 제4조 (약관 외 준칙 및 관련법령과의 관계)① 본 약관 또는 개별약관에서 정하지 않은 사항은 『전기통신사업법』, 『전자문서 및 전자거래 기본법』, 『정보통신망 이용촉진 및 정보보호 등에 관한 법률』, 『전자상거래 등에서의 소비자보호에 관한 법률』, 『개인정보보호법』 등 관련 법의 규정 및 회사가 정한 서비스의 세부이용지침 등의 규정에 따릅니다. 또한 본 약관에서 정한 회사의 책임 제한 규정은 관련 법령이 허용하는 최대한도의 범위 내에서 적용됩니다.② 회사는 필요한 경우 서비스 내의 개별항목에 대하여 개별약관 또는 운영원칙을 정할 수 있으며, 본 약관과 개별약관 또는 운영원칙의 내용이 상충되는 경우에는 개별약관 또는 운영원칙을 의 내용이 우선 적용됩니다. 제2장 이용계약의 체결 제5조 (이용계약의 성립) ① 이용계약은 회원이 되고자 하는 자(이하 “가입신청자”)가 약관의 내용에 동의를 하고, 회사가 정한 가입 양식에 따라 회원정보를 기입하여 회원가입신청을 하고 회사가 이러한 신청에 대하여 승인함으로써 체결됩니다.② 회원은 다수의 아이디(ID)를 생성하여 사용할 수 있으나, 본인인증이 필요한 일부 서비스의 경우에는 최초 본인인증된 1개 아이디(ID)로만 이용이 가능합니다. 제6조 (이용계약의 유보 및 거절)① 회사는 다음 각 호에 해당하는 신청에 대하여는 승인 하지 않거나 사후에 이용계약을 해지할 수 있습니다.  (1) 가입신청서의 내용을 허위로 기재하거나 기재누락∙오기가 있는 경우  (2) 다른 사람의 명의, E-mail, 연락처 등을 이용한 경우  (3) 관계법령에 위배되거나 사회의 안녕질서 또는 미풍양속을 저해할 목적으로 신청한 경우  (4) 가입신청자가 본 약관에 의하여 이전에 회원자격을 상실한 적이 있는 경우, 단 회사의 사전재가입 승낙을 얻은 경우에는 예외로 함  (5) 회원의 귀책사유로 인하여 승인이 불가능한 경우  (6) 이미 가입된 회원과 전화번호나 E-mail 정보가 동일한 경우  (7) 부정한 용도 또는 영리를 추구할 목적으로 본 서비스를 이용하고자 하는 경우  (8) 기타 본 약관에 위배되거나 위법 또는 부당한 이용신청임이 확인된 경우 및 회사가 합리적인 판단에 의하여 필요하다고 인정하는 경우  (9) 만 14세 미만의 아동이 신청할 경우② 제1항에 따른 신청에 있어 회사는 전문기관을 통한 휴대전화번호 인증 내지 실명확인을 통한 본인인증을 요청할 수 있습니다.③ 회사는 아래 각 호에 해당하는 경우에는 회원등록의 승낙을 유보할 수 있습니다.  (1) 제공서비스 설비용량에 현실적인 여유가 없는 경우  (2) 서비스를 제공하기에는 기술적으로 문제가 있다고 판단되는 경우  (3) 회사가 재정적, 기술적으로 필요하다고 인정하는 경우  (4) 제2항에 따른 실명확인 및 본인인증 절차를 진행 중인 경우④ 제1항과 제3항에 따라 회원가입신청의 승낙을 하지 아니하거나 유보한 경우, 회사는 승낙거절 또는 유보 사실을 가입신청자에게 회사가 정하는 방법에 따라 통지합니다.⑤ 이용계약의 성립 시기는 회사가 ‘가입완료’ 사실을 신청절차 상에 표시하거나 별도로 통지한 시점으로 합니다. 제7조 (회원 정보의 관리)① 회원은 웹사이트 또는 앱 내에 구비된 정보수정 기능 내지 고객센터 등을 통해 개인정보를 열람∙변경∙수정 할 수 있습니다. 다만, 일부 개인정보의 경우 본인인증 절차가 필요할 수 있습니다.② 회원은 등록한 E-mail 주소 또는 연락처가 변경된 경우 회원정보의 최신성 유지를 위해 제1항에 따라 변경해야 하며 이를 변경하지 않아 발생 할 수 있는 모든 불이익은 회원이 부담합니다. 제8조 (계정정보의 관리책임)① 아이디, 비밀번호 등 계정정보의 관리책임은 회원에게 있으며, 회원은 계정정보를 타인에게 양도 내지 대여할 수 없습니다.② 회사는 회사의 귀책사유로 인한 경우를 제외하고 계정정보의 유출, 양도, 대여, 공유 등으로 인한 손실이나 손해에 대하여 아무런 책임을 지지 않습니다.③ 회원은 제3자가 본인의 계정을 사용하고 있음(대여 포함)을 인지한 경우에는 즉시 비밀번호를 수정하는 등의 조치를 취하고 이를 회사에 통보하여야 합니다. 회원이 본항에 따른 통지를 하지 아니하여 발생하는 모든 불이익에 대한 책임은 회원에게 있습니다. 제9조 (회원정보의 수집과 보호)① 회사는 서비스를 제공함에 있어 개인정보 관련 법령을 준수하고 그에 따라 회원 정보를 수집∙이용∙보관∙제공합니다.② 회사는 회원이 서비스 이용 과정에서 직접 제공한 정보 외에도 개인정보 보호 등 관련 법령에서 정한 절차에 따라 그밖의 정보를 수집 및 이용 또는 제3자에게 제공할 수 있습니다. 이 경우 회사는 관련 법령에 따라 회원으로부터 필요한 동의를 받거나 관련 법령에서 정한 절차를 준수합니다.③ 회사는 개인정보 보호 관련 법령이 정하는 바에 따라 회원의 개인정보를 보호하기 위해 노력하며, 회사의 개인정보 처리에 관한 자세한 사항은 개인정보처리방침을 통해 언제든지 확인할 수 있습니다.④ 회사의 공식 사이트 또는 앱 이외에 링크된 사이트에서는 회사의 개인정보처리방침이 적용되지 않습니다. 링크된 사이트 및 서비스를 제공하는 제3자의 개인정보 처리에 대해서는 해당 사이트 및 제3자의 개인정보처리방침을 확인할 책임이 회원에게 있으며, 회사는 이에 대하여 책임을 부담하지 않습니다. 제3장 서비스 이용 제10조 (서비스의 이용 개시)회원은 회사가 이용신청을 승낙한 때부터 서비스를 사용할 수 있고 회사는 위 승낙한 때부터 본약관에 따라 서비스를 제공합니다. 제11조 (서비스의 이용시간)① 서비스는 회사의 업무상 또는 기술상 특별한 사유가 없는 한 연중무휴 1일 24시간 제공함을 원칙으로 합니다. 회사는 서비스를 일정범위로 분할하여 각 범위 별로 이용가능시간을 별도로 지정할 수 있습니다.② 회사는 서비스의 제공에 필요한 경우 정기점검 내지 수시점검을 실시할 수 있으며, 정기점검 내지 수시점검 시간은 서비스제공화면에 공지한 바에 따릅니다. 제12조 (서비스의 내용)① 서비스는 제2조 제1호에서 정의한 바에 따라 회사가 회원에게 제공하는 여가 관련 온라인 플랫폼 서비스를 말합니다. 서비스는 현재 제공되는 상품등에 한정되지 않으며, 향후 추가로 개발되거나 다른 회사와의 제휴 등을 통해 추가∙변경∙수정될 수 있고, 이 과정에서 일부 서비스의 경우 본인 인증 절차를 요구할 수 있습니다.② 회사는 회원 감소 등으로 인한 원활한 서비스 제공의 곤란 및 수익성 악화, 기술 진보에 따른 차세대 서비스로의 전환 필요성, 서비스 제공과 관련한 회사 정책의 변경 등 기타 상당한 이유가 있는 경우에 운영상, 기술상의 필요에 따라 제공하고 있는 전부 또는 일부 서비스를 변경 또는 중단할 수 있습니다.③ 서비스의 내용, 이용방법, 이용시간에 대하여 변경 또는 서비스 중단이 있는 경우에는 변경 또는 중단될 서비스의 내용 및 사유와 일자 등은 그 변경 또는 중단 전에 회사 홈페이지 또는 서비스 내 공지사항 화면 등 회원이 충분히 인지할 수 있는 방법으로 30일의 기간을 두고 사전에 공지합니다.④ 무료로 제공되는 서비스의 특성상 본조에 따른 서비스의 전부 또는 일부 종료 시 관련법령에서 특별히 정하지 않는 한 회원에게 별도의 보상을 하지 않습니다.⑤ 서비스 이용에 관한 개별 안내, 상품등에 대한 정보, 예약시 유의사항, 취소∙환불정책 등은 개별 서비스 이용안내∙소개 등을 통해 제공하고 있습니다.⑥ 회원은 전항의 안내∙소개 등을 충분히 숙지하고 서비스를 이용하여야 합니다. 회사는 통신판매중개자로서 통신판매의 당사자가 아니고, 판매자가 상품등 이용에 관한 이용정책이나 예약에 관한 취소∙환불정책을 별도로 운영하는 경우가 있을 수 있으므로, 회원은 상품등 이용 또는 예약시 반드시 그 내용을 확인해야 합니다. 회원이 이 내용을 제대로 숙지하지 못해 발생한 피해에 대해서는 회사가 책임을 부담하지 않습니다. 제13조 (서비스의 변경 및 중지)① 회사는 변경될 서비스의 내용 및 제공일자를 본 약관 제19조에서 정한 방법으로 회원에게 고지하고 서비스를 변경하여 제공할 수 있습니다.② 회사는 다음 각 호에 해당하는 경우 서비스의 전부 또는 일부를 제한하거나 중지할 수 있습니다.  (1) 일부 서비스를 이용함에 있어 요구되는 본인인증 절차를 거치지 않거나, 본인인증 정보가 위조·변조·허위의 정보임이 확인된 경우  (2) 회원이 회사의 영업활동을 방해하는 경우  (3) 시스템 정기점검, 서버의 증설 및 교체, 네트워크의 불안정 등의 시스템 운영상 필요한 경우  (4) 정전, 서비스 설비의 장애, 서비스 이용폭주, 기간통신사업자의 설비 보수 또는 점검∙중지 등으로 인하여 정상적인 서비스 제공이 불가능한 경우  (5) 기타 중대한 사유로 인하여 회사가 서비스 제공을 지속하는 것이 부적당하다고 인정하는 경우  (6) 기타 천재지변, 국가비상사태 등 불가항력적 사유가 있는 경우③ 제2항에 의한 서비스 중단의 경우 회사는 제21조에서 정한 방법으로 회원에게 통지합니다. 다만, 회사가 통제할 수 없는 사유로 인한 서비스의 중단(운영자의 고의∙과실이 없는 장애, 시스템다운 등)으로 인하여 사전 통지가 불가능한 경우에는 그러하지 아니합니다.④ 회사는 제2항에 따른 서비스의 변경, 중지로 발생하는 문제에 대해서 어떠한 책임도 지지 않습니다. 제14조 (정보 제공 및 광고의 게재)① 회사가 회원에게 서비스를 제공할 수 있는 서비스 투자기반의 일부는 광고 게재를 통한 수익으로부터 나옵니다. 이에 회원은 서비스 이용 시 서비스 화면 상 노출되는 광고 게재에 대해 동의합니다.② 회사는 회원의 게시물 내용, 검색 내용 뿐만 아니라 언어, 쿠키 및 기기정보, IP 주소, 브라우저 유형, 운영체제 및 요청 일시와 같은 표준 로그 정보 등을 활용한 맞춤광고를 제공합니다. 이에 대한 자세한 사항은 개인정보처리방침을 참고하시기 바랍니다.③ 회원이 서비스상에 게재되어 있는 광고를 이용하거나 서비스를 통한 광고주의 판촉활동에 다른 상품등을 이용하는 경우, 이는 전적으로 회원과 광고주 간의 법률관계이므로, 그로 인해 발생한 회원과 광고주간 분쟁 등 제반 문제는 회원과 광고주간에 직접 해결하여야 하며, 이와 관련하여 회사는 어떠한 책임도 지지 않습니다.④ 회사는 회원으로부터 수집한 개인정보를 통해 회원의 서비스 이용 중 필요하다고 판단되는 다양한 마케팅 정보를 SMS(LMS), 스마트폰 알림 (Push 알림), E-mail 등을 활용하여 발송할 수 있으며, 회원은 이에 동의합니다. 다만, 회원은 거래관련정보 및 고객문의 등에 대한 답변을 제외하고 관련법에 따라 언제든지 마케팅 수신 동의를 철회하실 수 있으며, 이 경우 회사는 전단의 마케팅 정보 등을 제공하는 행위를 중단합니다(단, 시스템 반영에 시차가 있을 수 있음). 제15조 (게시물에 대한 권리)① 게시물의 저작권은 회원에게 있습니다. 다만 회사는 게시∙전달∙공유 목적으로 회원이 작성한 게시물을 이용∙편집∙수정하여 이용할 수 있고, 회사의 다른 서비스 또는 연동채널∙판매채널에 이를 게재하거나 활용할 수 있습니다.② 회사가 서비스 내 게재 이외의 목적으로 게시물을 사용할 경우 게시물에 대한 게시자를 반드시 명시해야 합니다. 단, 게시자를 알 수 없는 익명 게시물이나 비영리적인 경우에는 그러하지 아니합니다.③ 회원은 게시물을 작성할 때 타인의 저작권 등 지식재산권을 포함하여 여타 권리를 침해하지 않아야 하고, 회사는 그에 대한 어떠한 책임도 부담하지 않습니다. 만일 회원이 타인의 권리 등을 침해하였음을 이유로 타인이 회사를 상대로 이의신청, 손해배상청구, 삭제요청 등을 제기한 경우 회사는 그에 필요한 조치를 취할 수 있으며, 그에 따른 모든 비용이나 손해배상책임은 회원이 부담합니다.④ 회사는 회원이 이용계약을 해지하고 사이트를 탈퇴하거나 적법한 사유로 해지된 경우 해당 회원이 게시하였던 게시물을 삭제할 수 있습니다.⑤ 회원이 작성한 게시물에 대한 모든 권리 및 책임은 이를 게시한 회원에게 있으며, 회사는 회원이 게시하거나 등록한 게시물이 다음 각 호에 해당한다고 판단되는 경우에 사전통지 없이 삭제 또는 임시조치할 수 있고, 이에 대하여 회사는 어떠한 책임도 지지 않습니다.  (1) 다른 회원 또는 제3자를 비방하거나 명예를 손상시키는 내용인 경우  (2) 공공질서 및 미풍양속에 위반되는 내용을 유포하거나 링크시키는 경우  (3) 불법복제 또는 해킹을 조장하는 내용인 경우  (4) 회사로부터 사전 승인 받지 않고 상업광고, 판촉 내용을 게시하는 경우  (5) 개인 간 금전거래를 요하는 경우  (6) 범죄적 행위에 결부된다고 인정되는 경우  (7) 회사의 저작권, 제3자의 저작권 등 기타 권리를 침해하는 내용인 경우  (8) 타인의 계정정보, 성명 등을 무단으로 도용하여 작성한 내용이거나, 타인이 입력한 정보를 무단으로 위변조한 내용인 경우  (9) 사적인 정치적 판단이나 종교적 견해의 내용으로 회사가 서비스 성격에 부합하지 않는다고 판단하는 경우  (10) 동일한 내용을 중복하여 다수 게시하는 등 게시의 목적에 어긋나는 경우  (11) 회사에서 규정한 게시물 원칙에 어긋나거나, 게시물을 작성하는 위치에 부여된 성격에 부합하지 않는 경우  (12) 사업주 변경 또는 인테리어 공사 등에 따른 권리자(사업주)의 게시물 중단 또는 삭제 요청이 있는 경우  (13) 기타 관계법령에 위배된다고 판단되는 경우⑥ 회원의 게시물이 정보통신망법 및 저작권법 등 관련법에 위반되는 내용을 포함하는 경우, 권리자는 관련법이 정한 절차에 따라 해당 게시물의 게시중단 및 삭제 등을 요청할 수 있으며, 회사는 관련법에 따라 조치를 취하여야 합니다.⑦ 회사는 본조 제2항에 따른 권리자의 요청이 없는 경우라도 권리침해가 인정될 만한 사유가 있거나 기타 회사 정책 및 관련법에 위반되는 경우에는 관련법에 따라 해당 게시물에 대해 임시조치 등을 취할 수 있습니다.⑧ 본 조에 따른 세부절차는 정보통신망법 및 저작권법이 규정한 범위 내에서 회사가 정한 게시중단요청서비스에 따릅니다.- 게시중단요청 : help@yanolja.com 제16조 (권리의 귀속)① 서비스에 대한 저작권 및 지식재산권은 회사에 귀속됩니다. 단, 게시물 및 제휴계약에 따라 제공된 저작물 등은 제외합니다.② 회사가 제공하는 서비스의 디자인, 회사가 만든 텍스트, 스크립트(script), 그래픽, 회원 상호간 전송 기능 등 회사가 제공하는 서비스에 관련된 모든 상표, 서비스 마크, 로고 등에 관한 저작권 기타 지적재산권은 대한민국 및 외국의 법령에 기하여 회사가 보유하고 있거나 회사에게 소유권 또는 사용권이 있습니다.③ 회원은 본 이용약관으로 인하여 서비스를 소유하거나 서비스에 관한 저작권을 보유하게 되는 것이 아니라, 회사로부터 서비스의 이용을 허락 받게 되는바, 서비스는 정보취득 또는 개인용도로만 제공되는 형태로 회원이 이용할 수 있습니다.④ 회원은 명시적으로 허락된 내용을 제외하고는 서비스를 통해 얻어지는 회원 상태정보를 영리 목적으로 사용, 복사, 유통하는 것을 포함하여 회사가 만든 텍스트, 스크립트, 그래픽의 회원 상호간 전송기능 등을 복사하거나 유통할 수 없습니다.⑤ 회사는 서비스와 관련하여 회원에게 회사가 정한 이용조건에 따라 계정, ID, 콘텐츠 등을 이용할 수 있는 이용권만을 부여하며, 회원은 이를 양도, 판매, 담보제공 등의 처분행위를 할 수 없습니다.⑥ 회원은 서비스를 이용하는 과정에서 얻은 정보를 회사의 사전 승낙 없이 복제, 송신, 출판, 배포, 방송, 편집, 재가공 등 기타 방법에 의하여 영리 목적으로 이용하거나 제3자에게 이용하게 하여서는 안됩니다. 제17조 (포인트)① 포인트는 회사의 정책에 따라 회원에게 부여되며, 포인트별 적립기준, 사용방법, 사용기한 및 제한에 관한 사항은 별도로 공지하거나 통지합니다. 단, 포인트 사용기한에 대해 별도로 안내하지 않은 경우에는 1년으로 봅니다.② 포인트는 사용기한 동안 사용되지 않거나 회원 탈퇴 또는 자격상실 사유가 발생한 경우 자동으로 소멸됩니다. 회원 탈퇴 내지 자격상실로 포인트가 소멸된 경우 재가입하더라도 소멸된 포인트는 복구되지 않습니다.③ 회원은 회사가 별도로 명시한 경우를 제외하고는 포인트를 제3자에게 양도 할 수 없습니다. 만일 회원이 회사가 승인하지 않은 방법으로 포인트 획득/이용한 사실이 확인될 경우 회사는 포인트를 사용한 예약 신청을 취소하거나 회원 자격을 정지 또는 해지할 수 있습니다.④ 포인트 관련 회사의 정책은 회사의 영업정책에 따라 변동될 수 있습니다. 회원에게 불리한 변경인 경우에는 제3조의 규정에 따라 공지 또는 통지하며 서비스 계속 이용시 동의한 것으로 간주됩니다. 제18조 (쿠폰)① 쿠폰은 회사가 유상 또는 무상으로 발행하는 쿠폰으로 발행대상, 발행경로, 사용대상 등에 따라 구분될 수 있으며, 쿠폰의 세부구분, 할인금액(할인율), 사용방법, 사용기간 및 제한에 대한 사항은 쿠폰 또는 서비스 화면에 표시됩니다. 쿠폰의 종류 및 내용과 발급여부에 관하여는 회사의 영업정책에 따라 달라질 수 있습니다.② 쿠폰은 현금으로 출금될 수 없으며, 쿠폰에 표시된 사용기간이 만료되거나 이용계약이 종료되면 소멸합니다.③ 예약거래가 취소될 경우 예약에 이용된 쿠폰은 회사의 정책에 따라 환원 여부가 결정되며 자세한 사항은 유선 고지 내지 예약서비스 화면을 통해 안내됩니다.④ 회원은 회사가 별도로 명시한 경우를 제외하고는 쿠폰을 제3자에게 또는 다른 아이디로 양도 할 수 없으며 유상으로 거래하거나 현금으로 전환 할 수 없습니다. 만일 회원이 회사가 승인하지 않은 방법으로 부정한 방법으로 쿠폰을 획득/이용한 사실이 확인될 경우 회사는 회원의 쿠폰을 사용한 예약 신청을 취소하거나 회원 자격을 정지 또는 해지할 수 있습니다.⑤ 쿠폰 관련 회사의 정책은 회사의 영업정책에 따라 변동될 수 있습니다. 회원에게 불리한 변경인 경우에는 제3조의 규정에 따라 공지 또는 통지하며 서비스 계속 이용시 동의한 것으로 간주됩니다. 제19조 (야놀자코인)① 야놀자코인은 회사의 정책에 따라 회원에게 제공되며, 코인별 적립기준, 사용방법, 사용기한 및 제한에 관한 사항은 회사 정책에 따라 별도 공지합니다.② 야놀자코인은 사용기한 동안 사용되지 않거나 회원 탈퇴 또는 자격상실 사유가 발생한 경우 자동으로 소멸됩니다. 회원 탈퇴 내지 자격상실로 야놀자코인이 소멸된 경우 재 가입하더라도 소멸된 야놀자코인은 복구되지 않습니다.③ 회원은 회사가 별도로 정한 경우를 제외하고는 야놀자코인을 제3자에게 양도할 수 없습니다. 만일 회원이 회사가 승인하지 않은 방법으로 야놀자코인을 획득/이용한 사실이 확인될 경우 회사는 회원 자격을 정지 또는 해지할 수 있습니다.④야놀자코인 관련 회사의 정책은 회사의 영업정책에 따라 변동될 수 있습니다. 회원에게 불리한 변경인 경우에는 제3조의 규정에 따라 공지 또는 통지하며 서비스 계속 이용시 동의한 것으로 간주됩니다. 제4장 계약당사자의 의무 제20조 (회사의 의무)① 회사는 관련법과 본 약관이 금지하거나 미풍양속에 반하는 행위를 하지 않으며, 계속적이고 안정적으로 서비스를 제공하기 위하여 최선을 다하여 노력합니다.② 회사는 회원이 안전하게 서비스를 이용할 수 있도록 개인정보보호를 위해 보안시스템을 갖추어야 하며 개인정보처리방침을 공시하고 준수하며, 회원의 개인정보를 본인의 승낙 없이 제3자에게 누설, 배포하지 않고, 이를 보호하기 위하여 노력합니다.③ 회사는 서비스이용과 관련하여 회원으로부터 제기된 의견이나 불만이 정당하다고 인정할 경우에는 그에 필요한 조치를 취하여야 합니다.④ 회사가 제공하는 서비스로 인하여 회원에게 손해가 발생한 경우 그러한 손해가 회사의 고의나 과실에 의해 발생한 경우에 한하여 회사에서 책임을 부담하며, 그 책임의 범위는 통상손해에 한합니다. 제21조 (회원의 의무)① 회원은 기타 관계 법령, 본 약관의 규정, 이용안내 및 서비스상에 공지한 주의사항, 회사가 통지하는 사항 등을 준수하여야 하며, 기타 회사의 업무에 방해되는 행위를 하여서는 아니 됩니다.② 회원은 서비스의 이용권한, 기타 서비스 이용계약상의 지위를 타인에게 양도, 증여할 수 없으며 이를 담보로 제공할 수 없습니다.③ 회원은 서비스 이용과 관련하여 다음 각 호의 행위를 하여서는 안됩니다.  (1) 서비스 신청 변경, 본인인증 등 서비스 이용과정에서 허위내용을 기재·등록·전송 등을 하는 행위  (2) 다른 회원의 아이디 및 비밀번호를 도용하여 부당하게 서비스를 이용하거나, 정보를 도용하는 행위  (3) 타인의 계좌번호 및 신용카드번호 등 타인의 허락 없이 타인의 결제정보를 이용하여 회사의 유료서비스를 이용하는 행위  (4) 정당한 사유 없이 당사의 영업을 방해하는 내용을 기재하는 행위  (5) 회사가 게시한 정보를 변경하는 행위  (6) 회사가 정한 정보 이외의 정보(컴퓨터 프로그램 등) 등을 송신 또는 게시하는 행위  (7) 회사와 기타 제3자의 저작권 등 지적재산권을 침해하는 행위  (8) 회사 및 기타 제3자의 명예를 손상시키거나 업무를 방해하는 행위  (9) 외설 또는 폭력적인 메시지, 화상, 음성 기타 공공질서 미풍양속에 반하는 정보를 공개 또는 게시하는 행위  (10) 회사의 동의 없이 영리를 목적으로 서비스를 사용하는 행위  (11) 회사의 직원이나 서비스의 관리자를 가장하거나 사칭하여 또는 타인의 명의를 도용하여 글을 게시하거나 메일을 발송하는 행위  (12) 서비스와 관련된 설비의 오동작이나 정보 등의 파괴 및 혼란을 유발시키는 컴퓨터 바이러스, 기타 다른 컴퓨터 코드, 파일, 프로그램 자료를 등록 또는 유포하는 행위  (13) 회사가 제공하는 소프트웨어 등을 개작하거나 리버스 엔지니어링, 디컴파일, 디스어셈블 및 기타 일체의 가공행위를 통하여 서비스를 복제, 분해 또는 모방 기타 변형하는 행위  (14) 자동 접속 프로그램 등을 사용하는 등 정상적인 용법과 다른 방법으로 서비스를 이용하여 회사의 서버에 부하를 일으켜 회사의 정상적인 서비스를 방해하는 행위  (15) 다른 회원의 개인정보를 그 동의 없이 수집, 저장, 공개하는 행위  (16) 기타 불법적이거나 회사에서 정한 규정을 위반하는 행위④ 회사는 회원이 제1항의 행위를 하는 경우 해당 게시물 등을 삭제 또는 임시 삭제할 수 있으며 서비스의 이용을 제한하거나 일방적으로 본 계약을 해지할 수 있습니다.⑤ 회원은 회원정보, 계정정보에 변경이 있는 경우 제7조에 따라 이를 즉시 변경하여야 하며, 더불어 비밀번호를 철저히 관리하여야 합니다. 회원의 귀책으로 말미암은 관리소홀, 부정사용 등에 의하여 발생하는 모든 결과에 대한 책임은 회원 본인이 부담하며, 회사는 이에 대한 어떠한 책임도 부담하지 않습니다.⑥ 민법상 미성년자인 회원이 유료 서비스를 이용 할 경우 미성년자인 회원은 결제 전 법정대리인의 동의를 얻어야 하며, 만 14세 미만 아동의 경우 본 서비스를 이용할 수 없습니다.⑦ 회원은 회사에서 공식적으로 인정한 경우를 제외하고는 서비스를 이용하여 상품을 판매하는 영업 활동을 할 수 없으며, 특히 해킹, 광고를 통한 수익, 음란사이트를 통한 상업행위, 상용소프트웨어 불법배포 등을 할 수 없습니다. 이를 위반하여 발생한 영업 활동의 결과 및 손실, 관계기관에 의한 구속 등 법적 조치 등에 관해서는 회사가 책임을 지지 않으며, 회원은 이와 같은 행위와 관련하여 회사에 대하여 손해배상 의무를 집니다.⑧ 회원은 직접 본인의 정보로 본인인증을 하여야 하고 이를 타인으로 하여금 하게 하거나 인증번호 등의 정보를 노출하여서는 안됩니다. 제22조 (회원에 대한 통지)① 회사가 회원에 대한 통지를 하는 경우 본 약관에 별도 규정이 없는 한 회원이 기재한 E-mail로 할 수 있습니다.② 회사는 불특정 다수 회원에 대한 통지의 경우 서비스 게시판 등에 게시함으로써 개별 통지에 갈음할 수 있습니다. 제23조 (서비스 이용 해지)① 회원이 이용계약을 해지하고자 하는 때에는 사이트 또는 앱을 통해 안내된 해지방법에 따라 해지를 신청할 수 있습니다.② 회사는 등록 해지신청이 접수되면 회원이 원하는 시점에 해당 회원의 서비스 이용을 해지하여야 합니다.③ 회원이 계약을 해지할 경우, 관련법 및 개인정보처리방침에 따라 회사가 회원정보를 보유할 수 있는 경우를 제외하고 회원의 개인정보는 해지 즉시 삭제됩니다. 제24조 (서비스 이용 제한)① 회사는 이용제한정책에서 정하는 바에 따라 회원이 본 약관상 의무를 위반하거나 서비스의 정상적인 운영을 방해한 경우, 경고∙일시적 이용정지∙영구적 이용정지 등의 단계로 서비스 이용을 제한하거나 이용계약을 해지할 수 있습니다. 단, 회원에게 제6조 제1항의 사유가 있음이 확인되거나 회원이 서비스 이용과 관련하여 불법행위를 하거나 조장∙방조한 경우에는 즉시 영구적 이용정지 조치 또는 이용계약 해지를 할 수 있습니다.② 회사는 회원이 계속해서 1년 이상 서비스를 이용하지 않은 경우에는, 정보통신망법에 따라 필요한 조치를 취할 수 있고, 회원정보의 보호 및 운영의 효율성을 위해 이용을 제한할 수 있습니다.③ 본 조에 따라 서비스 이용을 제한하거나 계약을 해지하는 경우에는 회사는 제19조에 따라 회원에게 통지합니다.④ 회원은 본조에 따른 서비스 이용정지 기타 서비스 이용과 관련된 이용제한에 대해 회사가 정한 절차에 따라 이의신청을 할 수 있으며, 회사는 회원의 이의신청이 정당하다고 판단되는 경우 즉시 서비스 이용을 재개합니다. 제5장 기타 제25조 (손해 배상)① 회원이 본 약관의 규정을 위반함으로 인하여 회사에 손해가 발생하게 되는 경우, 본 약관을 위반한 회원은 회사에 발생하는 모든 손해를 배상하여야 합니다.② 회원이 서비스를 이용하는 과정에서 행한 불법행위나 본 약관 위반행위로 인하여 회사가 당해 회원 이외의 제3자로부터 손해배상 청구 또는 소송을 비롯한 각종 이의제기를 받는 경우 당해 회원은 자신의 책임과 비용으로 회사를 면책 시켜야 하며, 회사가 면책되지 못한 경우 당해 회원은 그로 인하여 회사에 발생한 모든 손해를 배상하여야 합니다. 제26조 (면책사항)① 회사는 천재지변 또는 이에 준하는 불가항력으로 인하여 서비스를 제공할 수 없는 경우에는 서비스 제공에 관한 책임이 면책됩니다.② 회사는 회원의 귀책사유로 인한 서비스의 이용장애에 대하여 책임을 지지 않습니다.③ 회사는 회원이 서비스를 이용하여 기대하는 수익을 상실한 것에 대하여 책임을 지지 않으며 그 밖에 서비스를 통하여 얻은 자료로 인한 손해 등에 대하여도 책임을 지지 않습니다. 회사는 회원이 게재한 게시물(이용후기, 숙소평가 등 포함)의 정확성 등 내용에 대하여는 책임을 지지 않습니다.④ 회사는 회원 상호간 또는 회원과 제3자 상호간에 서비스를 매개로 발생한 분쟁에 대해서는 개입할 의무가 없으며 이로 인한 손해를 배상할 책임도 없습니다.⑤ 상품등은 판매자의 책임 하에 관리∙운영되고, 회사는 통신판매중개자로서 서비스 운영 상의 문제를 제외한 상품등의 하자∙부실 등으로 인한 책임은 판매자에게 귀속되며 회사는 어떠한 책임도 부담하지 않습니다.⑥ 회사는 제3자가 서비스 내 화면 또는 링크된 웹사이트를 통하여 광고한 제품 또는 서비스의 내용과 품질에 대하여 감시할 의무가 없으며 그로 인한 어떠한 책임도 지지 아니합니다.⑦ 회사는 회사 및 회사의 임직원 그리고 회사 대리인의 고의 또는 중대한 과실이 없는 한 다음 각 호의 사항으로부터 발생하는 손해에 대해 책임을 지지 아니합니다.  (1) 회원정보 등의 허위 또는 부정확성에 기인하는 손해  (2) 서비스에 대한 접속 및 서비스의 이용과정에서 발생하는 개인적인 손해  (3) 서버에 대한 제3자의 모든 불법적인 접속 또는 서버의 불법적인 이용으로부터 발생하는 손해  (4) 서버에 대한 전송 또는 서버로부터의 전송에 대한 제3자의 모든 불법적인 방해 또는 중단행위로부터 발생하는 손해  (5) 제3자가 서비스를 이용하여 불법적으로 전송, 유포하거나 또는 전송, 유포되도록 한 모든 바이러스, 스파이웨어 및 기타 악성 프로그램으로 인한 손해  (6) 전송된 데이터의 오류 및 생략, 누락, 파괴 등으로 발생되는 손해  (7) 회원간의 회원 상태정보 등록 및 서비스 이용 과정에서 발생하는 명예훼손 기타 불법행위로 인한 각종 민∙형사상 책임 제27조 (분쟁 조정 및 관할법원)본 약관과 회사와 회원간에 발생한 분쟁 등에 관하여는 대한민국 법령이 적용되며, 회사의 주소지를 관할하는 법원을 관할법원으로 합니다. * 부 칙 1. 본 약관은 2020년 8월 7일부터 시행됩니다. ", "20.07.28" ),
 ( 1, "[맛집] 야놀자 맛집 서비스 종료 안내", "안녕하세요. 야놀자 맛집 운영팀입니다. 2022년 9월 29일자로 맛집 서비스를 종료합니다. 그동안 맛집 서비스를 이용해주신 고객님들께 감사의 말씀 드리며, 부득이하게 서비스를 유지하지 못하고 종료하게 된 점에 대해 깊은 사과 말씀드립니다. 야놀자 맛집을 통한 줄서기 서비스 및 쿠폰 이용은 2022년 9월 28일까지 이용할 수 있으시고, 서비스 이용 후 수집된 맛집 줄서기 이용내역 (MY야놀자) 및 이벤트 당첨내역은 서비스 종료 후 파기될 예정입니다. 기타 문의 사항은 야놀자 콜센터(1644-1346, 유료) 또는 카카오톡 야놀자 고객센터 1:1 문의를 통해 문의해주시기를 바랍니다.야놀자 맛집 서비스를 아쉽게 종료하게 되었지만, 여행을 넘어 일상 어디에서나 맛집을 즐길 때 더 쉽고 편하게 고객님들께 도움이 되는 서비스로 곧 다시 돌아오겠습니다.감사합니다.야놀자 맛집 서비스 운영팀 드림", "22.08.30" ),
 ( 1, "야놀자 개인정보처리방침 개정 안내 (2020.11.30)", "안녕하세요. 야놀자입니다. 보다 나은 서비스 제공을 위해 야놀자의 개인정보처리방침이 다음과 같이 변경됨을 알려 드립니다. ▶ 개인정보처리방침 변경 및 시행일 : 2020년 11월 30일 ▶ 개인정보처리방침 변경 내용 제5조 (개인정보의 제3자 제공에 대한 동의)의 제공받는 자 변경 (주)레저큐에서 서비스를 제공하는 시설사(레저/티켓서비스 제공업체) 정보로 변경 제 11 조(개인정보의 위탁처리)의 수탁업체 추가 수탁업체 : (주)써머스플랫폼 위탁업무내용 : 알림톡 발송 그외 오타 수정등 현행화 (주)야놀자는 더 나은 서비스 제공을 위해 항상 최선을 다하겠습니다. 앞으로도 지속적인 서비스 이용과 관심 부탁드립니다. 감사합니다.​ ​ ​​ ", "20.11.27" ),
 ( 1, "야놀자 서비스 정기점검 안내(6/2 AM 3:00 ~ 6:00)", "안녕하세요. 야놀자입니다. 더욱 안정적인 서비스 제공을 위한 정기점검을 안내드립니다.   점검일시 안내▶ 2020년 6월 2일(화) 오전 3:00~6:00 (약 3시간) 점검범위 안내▶ 야놀자 앱, PC웹 등 야놀자 서비스 전체 사용 불가   서비스 이용에 불편을 드려 죄송합니다. 빠른 점검과 안정된 서비스로 찾아뵙겠습니다.  감사합니다. ​ ", "20.05.22" ),
 ( 1, "대한민국 숙박대전 예약 숙소 투숙 안내", "안녕하세요 고객님,최근 코로나-19로 인한 사회적 거리두기를 2단계로 격상함에 따라 이동 자제 권고가 시행 중임에도 코로나-19의 확산세가 지속되고 있습니다.이에 코로나-19 확산 방지를 위해 'K-방역과 함께하는 대한민국 숙박대전'을 통해 9월 1일 ~ 9월 13일 (2주간) 까지 숙박 상품을 예약하신 고객님께 자발적인 예약 취소를 부탁드립니다.", "20.08.28" ),
 ( 1, "야놀자 개인정보처리방침 개정 안내 (2020.4.23)", "안녕하세요. 야놀자입니다. 보다 나은 서비스 제공을 위해 야놀자의 개인정보처리방침이 다음과 같이 변경됨을 알려 드립니다. ▶ 개인정보처리방침 변경 및 시행일 : 2020년 4월 23일 ▶ 개인정보처리방침 변경 내용 제 3 조 (개인정보 수집•이용 목적 및 수집항목 등)회원의 선택정보 추가수집•이용 목적 : 야놀자 코인 서비스 제공 및 소비자 분쟁해결항목 : 월렛 주소, 코인 적립 및 사용 내역(적립 및 사용처 정보, 적립 및 사용 일시, 적립 및 사용 코인)보유•이용기간 : 회원 탈퇴 요청 시 상담 등 민원처리를 위해 30일 후 삭제, 관계법령에 따라 보존할 필요가 있는 경우 해당 법령에서 요구하는 기한까지 보관 (예: 구매 회원의 경우 5년간, IP의 경우 3개월) 제 5 조 (개인정보의 제3자 제공에 대한 동의)제공받는자 추가제공받는자 : 밀크파트너스 주식회사제공 목적 : 서비스 제휴(연동 및 해제, 야놀자 코인과 밀크 코인의 전환 서비스), 민원처리 등 소비자 분쟁해결제공 항목 : 트랜잭션ID, 회원번호 해시값, 야놀자 코인 적립 및 사용처 정보이용 및 보유기간 : 밀크 서비스 탈퇴 요청 시 삭제(단, 부정이용 방지를 위해 회원번호 해시값은 180일 후 삭제), 관계법령에 따라 보존할 필요가 있는 경우 해당 법령에서 요구하는 기한까지 보관 (예: 구매 회원의 경우 5년간, IP의 경우 3개월) 제 11 조 (개인정보의 위탁처리)수탁 업체 추가수탁 업체 : 밀크파트너스 주식회사위탁 업무 내용 : 야놀자 코인 서비스 운영 (주)야놀자는 더 나은 서비스 제공을 위해 항상 최선을 다하겠습니다. 앞으로도 지속적인 서비스 이용과 관심 부탁드립니다. 감사합니다.​ ​ ", "20.04.22" ),
 ( 1, "야놀자 서비스이용약관 개정 안내 (2020.4.21)", "안녕하세요. 야놀자입니다. 야놀자를 이용해주시는 회원 분들께 감사 드리며, 서비스이용약관을 아래와 같이 일부 변경하고자 사전 안내 드립니다. 1. 적용시기: 2019년 4월 21일(화) 2. 주요 변경 내용- 야놀자 코인 서비스 신규 오픈에 따른 내용을 추가하였습니다.- 제3조 (약관의 효력 및 변경)  본 약관 적용 제외되는 서비스 범위를 변경하였습니다. 3. 개정 전문※ 본 약관 내에는 영리목적 광고성 정보 수신동의에 관한 사항이 포함되어 있습니다. 제1장 총 칙 제1조 (목적)이 약관(이하 “약관”이라 합니다)은 ㈜야놀자(이하 “회사”라 합니다)와 이용 고객(이하 “회원”이라 합니다)간에 회사가 제공하는 서비스(이하 “서비스”라 합니다)를 이용함에 있어 회원과 회사간의 권리, 의무 및 책임사항, 이용조건 및 절차 등 기본적인 사항을 규정함을 목적으로 합니다. 제2조 (용어의 정의)본 약관에서 사용되는 용어의 정의는 다음과 같습니다 (1) “서비스” : 회사가 제공하는 여가(숙박∙레저∙티켓∙클래스 등으로 이에 한정되지 않음) 관련 상품∙용역∙서비스 등(이하 “상품등”이라 합니다)에 대한 예약∙구매∙정보제공∙추천 등을 위한 온라인 플랫폼 서비스를 의미합니다. 서비스는 구현되는 장치나 단말기(PC, TV, 휴대형 단말기 등의 각종 유무선 장치를 포함하며 이에 한정되지 않음)와 상관 없이 야놀자 및 야놀자 관련 웹(Web)∙앱(App) 등의 제반 서비스를 의미하며, 회사가 공개한 API를 이용하여 제3자가 개발 또는 구축한 프로그램이나 서비스를 통하여 이용자에게 제공되는 경우를 포함합니다. 서비스는 여가 문화가 변하고 기술이 발전함에 따라 지속적으로 함께 변화∙성장해 나갑니다.(2) “회원” : 서비스에 접속하여 본 약관에 따라 회사와 이용계약을 체결하고 회사가 제공하는 서비스를 이용하는 고객을 말하며, 회원계정(ID/PW)을 생성하지 않은 일반 고객(일명 비회원 고객)도 포함됩니다.(3) “판매자” : 회사가 제공하는 서비스를 이용하여 자신의 상품∙용역∙서비스 등을 판매하는 자를 의미하며, 회사로부터 예약∙판매 대행, 광고 서비스 등을 제공받는 자를 말합니다.(4) “게시물” : 회원 및 이용 고객이 서비스에 게시 또는 등록하는 부호(URL 포함), 문자, 음성, 음향, 영상(동영상 포함), 이미지(사진 포함), 파일 등을 말합니다.(5) “쿠폰” : 회원이 서비스를 이용할 때 표시된 금액 또는 비율만큼 이용 금액을 할인 받을 수 있는 할인권∙우대권 등(온라인∙모바일∙오프라인 등 형태를 불문)를 말합니다. 쿠폰의 종류 및 내용은 회사의 정책에 따라 달라질 수 있습니다.(6) “포인트” : 회사가 회원의 서비스 이용에 따른 혜택 또는 서비스 이용상 편의를 위해 회원에게 제공하는 것으로서 서비스 내 상품 등 결제시 활용할 수 있는 수치화 된 가상의 데이터를 말합니다. 구체적인 이용 방법, 그 명칭(예: 마일리지 등) 및 현금 환급가능성 등은 회사의 정책에 따라 달라질 수 있습니다.(7) 야놀자 코인 : 포인트로 교환하여 사용할 수 있는 수치화 된 가상의 데이터를 말합니다. 구체적인 이용 방법, 그 명칭 등은 회사의 정책에 따라 달라질 수 있습니다. 제3조 (약관의 효력 및 변경)① 본 약관은 서비스를 이용하고자 하는 모든 회원에 대하여 그 효력을 발생합니다. 단, 일부 특정 서비스'의 경우 본 약관이 아닌 회사에 해당 서비스를 제공하는 사업자의 약관이 적용됩니다(자세한 안내는 각 서비스 영역에 별도 표시).② 본 약관은 회원이 서비스 가입 시 열람 할 수 있으며, 회사는 회원이 원할 때 언제든지 약관을 열람 할 수 있도록 회사 홈페이지 또는 앱 내에 게시합니다.③ 회사는 『약관의 규제에 관한 법률』, 『전자상거래 등에서의 소비자보호에 관한 법률』, 『정보통신망 이용촉진 및 정보보호(이하 “정보통신망법”이라 합니다)』, , 『소비자기본법』, 『전자문서 및 전자거래 기본법』 등 관련법에 위배되지 않는 범위 내에서 본 약관을 개정할 수 있습니다.④ 회사가 약관을 변경할 경우에는 적용일자, 변경사유를 명시하여 적용일로부터 7일 이전부터 공지합니다. 다만, 회원에게 불리한 약관 변경인 경우에는 그 적용일로부터 30일전부터 위와 같은 방법으로 공지하고, E-mail 등으로 회원에게 개별 통지합니다. 단, 회원의 연락처 미기재, 변경 후 미수정 등으로 인하여 개별 통지가 어려운 경우 공지를 개별 통지로 간주합니다.⑤ 회사가 제4항에 따라 개정약관을 공지 또는 통지하면서, 회원에게 약관 변경 적용일 까지 거부의사를 표시하지 않으면 약관의 변경에 동의한 것으로 간주한다는 내용을 공지 또는 통지하였음에도 회원이 명시적으로 약관 변경에 대한 거부의사를 표시하지 아니하는 경우 회원이 개정약관에 동의한 것으로 간주합니다.⑥ 회원은 변경된 약관에 동의하지 아니하는 경우 서비스의 이용을 중단하고 이용계약을 해지할 수 있습니다.⑦ 회원은 약관 변경에 대하여 주의의무를 다하여야 하며, 변경된 약관의 부지로 인한 회원의 피해는 회사가 책임지지 않습니다. 제4조 (약관 외 준칙 및 관련법령과의 관계)① 본 약관 또는 개별약관에서 정하지 않은 사항은 『전기통신사업법』, 『전자문서 및 전자거래 기본법』, 『정보통신망 이용촉진 및 정보보호 등에 관한 법률』, 『전자상거래 등에서의 소비자보호에 관한 법률』, 『개인정보보호법』 등 관련 법의 규정 및 회사가 정한 서비스의 세부이용지침 등의 규정에 따릅니다. 또한 본 약관에서 정한 회사의 책임 제한 규정은 관련 법령이 허용하는 최대한도의 범위 내에서 적용됩니다.② 회사는 필요한 경우 서비스 내의 개별항목에 대하여 개별약관 또는 운영원칙을 정할 수 있으며, 본 약관과 개별약관 또는 운영원칙의 내용이 상충되는 경우에는 개별약관 또는 운영원칙을 의 내용이 우선 적용됩니다. 제2장 이용계약의 체결 제5조 (이용계약의 성립)이용계약은 회원이 되고자 하는 자(이하 “가입신청자”)가 약관의 내용에 동의를 하고, 회사가 정한 가입 양식에 따라 회원정보를 기입하여 회원가입신청을 하고 회사가 이러한 신청에 대하여 승인함으로써 체결됩니다. 제6조 (이용계약의 유보 및 거절)① 회사는 다음 각 호에 해당하는 신청에 대하여는 승인 하지 않거나 사후에 이용계약을 해지할 수 있습니다.  (1) 가입신청서의 내용을 허위로 기재하거나 기재누락∙오기가 있는 경우  (2) 다른 사람의 명의, E-mail, 연락처 등을 이용한 경우  (3) 관계법령에 위배되거나 사회의 안녕질서 또는 미풍양속을 저해할 목적으로 신청한 경우  (4) 가입신청자가 본 약관에 의하여 이전에 회원자격을 상실한 적이 있는 경우, 단 회사의 사전재가입 승낙을 얻은 경우에는 예외로 함  (5) 회원의 귀책사유로 인하여 승인이 불가능한 경우  (6) 이미 가입된 회원과 전화번호나 E-mail 정보가 동일한 경우  (7) 부정한 용도 또는 영리를 추구할 목적으로 본 서비스를 이용하고자 하는 경우  (8) 기타 본 약관에 위배되거나 위법 또는 부당한 이용신청임이 확인된 경우 및 회사가 합리적인 판단에 의하여 필요하다고 인정하는 경우  (9) 만 14세 미만의 아동이 신청할 경우② 제1항에 따른 신청에 있어 회사는 전문기관을 통한 휴대전화번호 인증 내지 실명확인을 통한 본인인증을 요청할 수 있습니다.③ 회사는 아래 각 호에 해당하는 경우에는 회원등록의 승낙을 유보할 수 있습니다.  (1) 제공서비스 설비용량에 현실적인 여유가 없는 경우  (2) 서비스를 제공하기에는 기술적으로 문제가 있다고 판단되는 경우  (3) 회사가 재정적, 기술적으로 필요하다고 인정하는 경우  (4) 제2항에 따른 실명확인 및 본인인증 절차를 진행 중인 경우④ 제1항과 제3항에 따라 회원가입신청의 승낙을 하지 아니하거나 유보한 경우, 회사는 승낙거절 또는 유보 사실을 가입신청자에게 회사가 정하는 방법에 따라 통지합니다.⑤ 이용계약의 성립 시기는 회사가 ‘가입완료’ 사실을 신청절차 상에 표시하거나 별도로 통지한 시점으로 합니다. 제7조 (회원 정보의 관리)① 회원은 웹사이트 또는 앱 내에 구비된 정보수정 기능 내지 고객센터 등을 통해 개인정보를 열람∙변경∙수정 할 수 있습니다.② 회원은 등록한 E-mail 주소 또는 연락처가 변경된 경우 회원정보의 최신성 유지를 위해 제1항에 따라 변경해야 하며 이를 변경하지 않아 발생 할 수 있는 모든 불이익은 회원이 부담합니다. 제8조 (계정정보의 관리책임)① 아이디, 비밀번호 등 계정정보의 관리책임은 회원에게 있으며, 회원은 계정정보를 타인에게 양도 내지 대여할 수 없습니다.② 회사는 회사의 귀책사유로 인한 경우를 제외하고 계정정보의 유출, 양도, 대여, 공유 등으로 인한 손실이나 손해에 대하여 아무런 책임을 지지 않습니다.③ 회원은 제3자가 본인의 계정을 사용하고 있음(대여 포함)을 인지한 경우에는 즉시 비밀번호를 수정하는 등의 조치를 취하고 이를 회사에 통보하여야 합니다. 회원이 본항에 따른 통지를 하지 아니하여 발생하는 모든 불이익에 대한 책임은 회원에게 있습니다. 제9조 (회원정보의 수집과 보호)① 회사는 서비스를 제공함에 있어 개인정보 관련 법령을 준수하고 그에 따라 회원 정보를 수집∙이용∙보관∙제공합니다.② 회사는 회원이 서비스 이용 과정에서 직접 제공한 정보 외에도 개인정보 보호 등 관련 법령에서 정한 절차에 따라 그밖의 정보를 수집 및 이용 또는 제3자에게 제공할 수 있습니다. 이 경우 회사는 관련 법령에 따라 회원으로부터 필요한 동의를 받거나 관련 법령에서 정한 절차를 준수합니다.③ 회사는 개인정보 보호 관련 법령이 정하는 바에 따라 회원의 개인정보를 보호하기 위해 노력하며, 회사의 개인정보 처리에 관한 자세한 사항은 개인정보처리방침을 통해 언제든지 확인할 수 있습니다.④ 회사의 공식 사이트 또는 앱 이외에 링크된 사이트에서는 회사의 개인정보처리방침이 적용되지 않습니다. 링크된 사이트 및 서비스를 제공하는 제3자의 개인정보 처리에 대해서는 해당 사이트 및 제3자의 개인정보처리방침을 확인할 책임이 회원에게 있으며, 회사는 이에 대하여 책임을 부담하지 않습니다. 제3장 서비스 이용 제10조 (서비스의 이용 개시)회원은 회사가 이용신청을 승낙한 때부터 서비스를 사용할 수 있고 회사는 위 승낙한 때부터 본약관에 따라 서비스를 제공합니다. 제11조 (서비스의 이용시간)① 서비스는 회사의 업무상 또는 기술상 특별한 사유가 없는 한 연중무휴 1일 24시간 제공함을 원칙으로 합니다. 회사는 서비스를 일정범위로 분할하여 각 범위 별로 이용가능시간을 별도로 지정할 수 있습니다.② 회사는 서비스의 제공에 필요한 경우 정기점검 내지 수시점검을 실시할 수 있으며, 정기점검 내지 수시점검 시간은 서비스제공화면에 공지한 바에 따릅니다. 제12조 (서비스의 내용)① 서비스는 제2조 제1호에서 정의한 바에 따라 회사가 회원에게 제공하는 여가 관련 온라인 플랫폼 서비스를 말합니다. 서비스는 현재 제공되는 상품등에 한정되지 않으며, 향후 추가로 개발되거나 다른 회사와의 제휴 등을 통해 추가∙변경∙수정될 수 있습니다.② 회사는 회원 감소 등으로 인한 원활한 서비스 제공의 곤란 및 수익성 악화, 기술 진보에 따른 차세대 서비스로의 전환 필요성, 서비스 제공과 관련한 회사 정책의 변경 등 기타 상당한 이유가 있는 경우에 운영상, 기술상의 필요에 따라 제공하고 있는 전부 또는 일부 서비스를 변경 또는 중단할 수 있습니다.③ 서비스의 내용, 이용방법, 이용시간에 대하여 변경 또는 서비스 중단이 있는 경우에는 변경 또는 중단될 서비스의 내용 및 사유와 일자 등은 그 변경 또는 중단 전에 회사 홈페이지 또는 서비스 내 공지사항 화면 등 회원이 충분히 인지할 수 있는 방법으로 30일의 기간을 두고 사전에 공지합니다.④ 무료로 제공되는 서비스의 특성상 본조에 따른 서비스의 전부 또는 일부 종료 시 관련법령에서 특별히 정하지 않는 한 회원에게 별도의 보상을 하지 않습니다.⑤ 서비스 이용에 관한 개별 안내, 상품등에 대한 정보, 예약시 유의사항, 취소∙환불정책 등은 개별 서비스 이용안내∙소개 등을 통해 제공하고 있습니다.⑥ 회원은 전항의 안내∙소개 등을 충분히 숙지하고 서비스를 이용하여야 합니다. 회사는 통신판매중개자로서 통신판매의 당사자가 아니고, 판매자가 상품등 이용에 관한 이용정책이나 예약에 관한 취소∙환불정책을 별도로 운영하는 경우가 있을 수 있으므로, 회원은 상품등 이용 또는 예약시 반드시 그 내용을 확인해야 합니다. 회원이 이 내용을 제대로 숙지하지 못해 발생한 피해에 대해서는 회사가 책임을 부담하지 않습니다. 제13조 (서비스의 변경 및 중지)① 회사는 변경될 서비스의 내용 및 제공일자를 본 약관 제19조에서 정한 방법으로 회원에게 고지하고 서비스를 변경하여 제공할 수 있습니다.② 회사는 다음 각 호에 해당하는 경우 서비스의 전부 또는 일부를 제한하거나 중지할 수 있습니다.  (1) 회원이 회사의 영업활동을 방해하는 경우  (2) 시스템 정기점검, 서버의 증설 및 교체, 네트워크의 불안정 등의 시스템 운영상 필요한 경우  (3) 정전, 서비스 설비의 장애, 서비스 이용폭주, 기간통신사업자의 설비 보수 또는 점검∙중지 등으로 인하여 정상적인 서비스 제공이 불가능한 경우  (4) 기타 중대한 사유로 인하여 회사가 서비스 제공을 지속하는 것이 부적당하다고 인정하는 경우  (5) 기타 천재지변, 국가비상사태 등 불가항력적 사유가 있는 경우③ 제2항에 의한 서비스 중단의 경우 회사는 제21조에서 정한 방법으로 회원에게 통지합니다. 다만, 회사가 통제할 수 없는 사유로 인한 서비스의 중단(운영자의 고의∙과실이 없는 장애, 시스템다운 등)으로 인하여 사전 통지가 불가능한 경우에는 그러하지 아니합니다.④ 회사는 제2항에 따른 서비스의 변경, 중지로 발생하는 문제에 대해서 어떠한 책임도 지지 않습니다. 제14조 (정보 제공 및 광고의 게재)① 회사가 회원에게 서비스를 제공할 수 있는 서비스 투자기반의 일부는 광고 게재를 통한 수익으로부터 나옵니다. 이에 회원은 서비스 이용 시 서비스 화면 상 노출되는 광고 게재에 대해 동의합니다.② 회사는 회원의 게시물 내용, 검색 내용 뿐만 아니라 언어, 쿠키 및 기기정보, IP 주소, 브라우저 유형, 운영체제 및 요청 일시와 같은 표준 로그 정보 등을 활용한 맞춤광고를 제공합니다. 이에 대한 자세한 사항은 개인정보처리방침을 참고하시기 바랍니다.③ 회원이 서비스상에 게재되어 있는 광고를 이용하거나 서비스를 통한 광고주의 판촉활동에 다른 상품등을 이용하는 경우, 이는 전적으로 회원과 광고주 간의 법률관계이므로, 그로 인해 발생한 회원과 광고주간 분쟁 등 제반 문제는 회원과 광고주간에 직접 해결하여야 하며, 이와 관련하여 회사는 어떠한 책임도 지지 않습니다.④ 회사는 회원으로부터 수집한 개인정보를 통해 회원의 서비스 이용 중 필요하다고 판단되는 다양한 마케팅 정보를 SMS(LMS), 스마트폰 알림 (Push 알림), E-mail 등을 활용하여 발송할 수 있으며, 회원은 이에 동의합니다. 다만, 회원은 거래관련정보 및 고객문의 등에 대한 답변을 제외하고 관련법에 따라 언제든지 마케팅 수신 동의를 철회하실 수 있으며, 이 경우 회사는 전단의 마케팅 정보 등을 제공하는 행위를 중단합니다(단, 시스템 반영에 시차가 있을 수 있음). 제15조 (게시물에 대한 권리)① 게시물의 저작권은 회원에게 있습니다. 다만 회사는 게시∙전달∙공유 목적으로 회원이 작성한 게시물을 이용∙편집∙수정하여 이용할 수 있고, 회사의 다른 서비스 또는 연동채널∙판매채널에 이를 게재하거나 활용할 수 있습니다.② 회사가 서비스 내 게재 이외의 목적으로 게시물을 사용할 경우 게시물에 대한 게시자를 반드시 명시해야 합니다. 단, 게시자를 알 수 없는 익명 게시물이나 비영리적인 경우에는 그러하지 아니합니다.③ 회원은 게시물을 작성할 때 타인의 저작권 등 지식재산권을 포함하여 여타 권리를 침해하지 않아야 하고, 회사는 그에 대한 어떠한 책임도 부담하지 않습니다. 만일 회원이 타인의 권리 등을 침해하였음을 이유로 타인이 회사를 상대로 이의신청, 손해배상청구, 삭제요청 등을 제기한 경우 회사는 그에 필요한 조치를 취할 수 있으며, 그에 따른 모든 비용이나 손해배상책임은 회원이 부담합니다.④ 회사는 회원이 이용계약을 해지하고 사이트를 탈퇴하거나 적법한 사유로 해지된 경우 해당 회원이 게시하였던 게시물을 삭제할 수 있습니다.⑤ 회원이 작성한 게시물에 대한 모든 권리 및 책임은 이를 게시한 회원에게 있으며, 회사는 회원이 게시하거나 등록한 게시물이 다음 각 호에 해당한다고 판단되는 경우에 사전통지 없이 삭제 또는 임시조치할 수 있고, 이에 대하여 회사는 어떠한 책임도 지지 않습니다.  (1) 다른 회원 또는 제3자를 비방하거나 명예를 손상시키는 내용인 경우  (2) 공공질서 및 미풍양속에 위반되는 내용을 유포하거나 링크시키는 경우  (3) 불법복제 또는 해킹을 조장하는 내용인 경우  (4) 회사로부터 사전 승인 받지 않고 상업광고, 판촉 내용을 게시하는 경우  (5) 개인 간 금전거래를 요하는 경우  (6) 범죄적 행위에 결부된다고 인정되는 경우  (7) 회사의 저작권, 제3자의 저작권 등 기타 권리를 침해하는 내용인 경우  (8) 타인의 계정정보, 성명 등을 무단으로 도용하여 작성한 내용이거나, 타인이 입력한 정보를 무단으로 위변조한 내용인 경우  (9) 사적인 정치적 판단이나 종교적 견해의 내용으로 회사가 서비스 성격에 부합하지 않는다고 판단하는 경우  (10) 동일한 내용을 중복하여 다수 게시하는 등 게시의 목적에 어긋나는 경우  (11) 회사에서 규정한 게시물 원칙에 어긋나거나, 게시물을 작성하는 위치에 부여된 성격에 부합하지 않는 경우  (12) 사업주 변경 또는 인테리어 공사 등에 따른 권리자(사업주)의 게시물 중단 또는 삭제 요청이 있는 경우  (13) 기타 관계법령에 위배된다고 판단되는 경우⑥ 회원의 게시물이 정보통신망법 및 저작권법 등 관련법에 위반되는 내용을 포함하는 경우, 권리자는 관련법이 정한 절차에 따라 해당 게시물의 게시중단 및 삭제 등을 요청할 수 있으며, 회사는 관련법에 따라 조치를 취하여야 합니다.⑦ 회사는 본조 제2항에 따른 권리자의 요청이 없는 경우라도 권리침해가 인정될 만한 사유가 있거나 기타 회사 정책 및 관련법에 위반되는 경우에는 관련법에 따라 해당 게시물에 대해 임시조치 등을 취할 수 있습니다.⑧ 본 조에 따른 세부절차는 정보통신망법 및 저작권법이 규정한 범위 내에서 회사가 정한 게시중단요청서비스에 따릅니다.- 게시중단요청 : help@yanolja.com 제16조 (권리의 귀속)① 서비스에 대한 저작권 및 지식재산권은 회사에 귀속됩니다. 단, 게시물 및 제휴계약에 따라 제공된 저작물 등은 제외합니다.② 회사가 제공하는 서비스의 디자인, 회사가 만든 텍스트, 스크립트(script), 그래픽, 회원 상호간 전송 기능 등 회사가 제공하는 서비스에 관련된 모든 상표, 서비스 마크, 로고 등에 관한 저작권 기타 지적재산권은 대한민국 및 외국의 법령에 기하여 회사가 보유하고 있거나 회사에게 소유권 또는 사용권이 있습니다.③ 회원은 본 이용약관으로 인하여 서비스를 소유하거나 서비스에 관한 저작권을 보유하게 되는 것이 아니라, 회사로부터 서비스의 이용을 허락 받게 되는바, 서비스는 정보취득 또는 개인용도로만 제공되는 형태로 회원이 이용할 수 있습니다.④ 회원은 명시적으로 허락된 내용을 제외하고는 서비스를 통해 얻어지는 회원 상태정보를 영리 목적으로 사용, 복사, 유통하는 것을 포함하여 회사가 만든 텍스트, 스크립트, 그래픽의 회원 상호간 전송기능 등을 복사하거나 유통할 수 없습니다.⑤ 회사는 서비스와 관련하여 회원에게 회사가 정한 이용조건에 따라 계정, ID, 콘텐츠 등을 이용할 수 있는 이용권만을 부여하며, 회원은 이를 양도, 판매, 담보제공 등의 처분행위를 할 수 없습니다.⑥ 회원은 서비스를 이용하는 과정에서 얻은 정보를 회사의 사전 승낙 없이 복제, 송신, 출판, 배포, 방송, 편집, 재가공 등 기타 방법에 의하여 영리 목적으로 이용하거나 제3자에게 이용하게 하여서는 안됩니다. 제17조 (포인트)① 포인트는 회사의 정책에 따라 회원에게 부여되며, 포인트별 적립기준, 사용방법, 사용기한 및 제한에 관한 사항은 별도로 공지하거나 통지합니다. 단, 포인트 사용기한에 대해 별도로 안내하지 않은 경우에는 1년으로 봅니다.② 포인트는 사용기한 동안 사용되지 않거나 회원 탈퇴 또는 자격상실 사유가 발생한 경우 자동으로 소멸됩니다. 회원 탈퇴 내지 자격상실로 포인트가 소멸된 경우 재가입하더라도 소멸된 포인트는 복구되지 않습니다.③ 회원은 회사가 별도로 명시한 경우를 제외하고는 포인트를 제3자에게 양도 할 수 없습니다. 만일 회원이 회사가 승인하지 않은 방법으로 포인트 획득/이용한 사실이 확인될 경우 회사는 포인트를 사용한 예약 신청을 취소하거나 회원 자격을 정지 또는 해지할 수 있습니다.④ 포인트 관련 회사의 정책은 회사의 영업정책에 따라 변동될 수 있습니다. 회원에게 불리한 변경인 경우에는 제3조의 규정에 따라 공지 또는 통지하며 서비스 계속 이용시 동의한 것으로 간주됩니다. 제18조 (쿠폰)① 쿠폰은 회사가 유상 또는 무상으로 발행하는 쿠폰으로 발행대상, 발행경로, 사용대상 등에 따라 구분될 수 있으며, 쿠폰의 세부구분, 할인금액(할인율), 사용방법, 사용기간 및 제한에 대한 사항은 쿠폰 또는 서비스 화면에 표시됩니다. 쿠폰의 종류 및 내용과 발급여부에 관하여는 회사의 영업정책에 따라 달라질 수 있습니다.② 쿠폰은 현금으로 출금될 수 없으며, 쿠폰에 표시된 사용기간이 만료되거나 이용계약이 종료되면 소멸합니다.③ 예약거래가 취소될 경우 예약에 이용된 쿠폰은 회사의 정책에 따라 환원 여부가 결정되며 자세한 사항은 유선 고지 내지 예약서비스 화면을 통해 안내됩니다.④ 회원은 회사가 별도로 명시한 경우를 제외하고는 쿠폰을 제3자에게 또는 다른 아이디로 양도 할 수 없으며 유상으로 거래하거나 현금으로 전환 할 수 없습니다. 만일 회원이 회사가 승인하지 않은 방법으로 부정한 방법으로 쿠폰을 획득/이용한 사실이 확인될 경우 회사는 회원의 쿠폰을 사용한 예약 신청을 취소하거나 회원 자격을 정지 또는 해지할 수 있습니다.⑤ 쿠폰 관련 회사의 정책은 회사의 영업정책에 따라 변동될 수 있습니다. 회원에게 불리한 변경인 경우에는 제3조의 규정에 따라 공지 또는 통지하며 서비스 계속 이용시 동의한 것으로 간주됩니다. 제19조 (야놀자코인)① 야놀자코인은 회사의 정책에 따라 회원에게 제공되며, 코인별 적립기준, 사용방법, 사용기한 및 제한에 관한 사항은 회사 정책에 따라 별도 공지합니다.② 야놀자코인은 사용기한 동안 사용되지 않거나 회원 탈퇴 또는 자격상실 사유가 발생한 경우 자동으로 소멸됩니다. 회원 탈퇴 내지 자격상실로 야놀자코인이 소멸된 경우 재 가입하더라도 소멸된 야놀자코인은 복구되지 않습니다.③ 회원은 회사가 별도로 정한 경우를 제외하고는 야놀자코인을 제3자에게 양도할 수 없습니다. 만일 회원이 회사가 승인하지 않은 방법으로 야놀자코인을 획득/이용한 사실이 확인될 경우 회사는 회원 자격을 정지 또는 해지할 수 있습니다.④야놀자코인 관련 회사의 정책은 회사의 영업정책에 따라 변동될 수 있습니다. 회원에게 불리한 변경인 경우에는 제3조의 규정에 따라 공지 또는 통지하며 서비스 계속 이용시 동의한 것으로 간주됩니다. 제4장 계약당사자의 의무 제20조 (회사의 의무)① 회사는 관련법과 본 약관이 금지하거나 미풍양속에 반하는 행위를 하지 않으며, 계속적이고 안정적으로 서비스를 제공하기 위하여 최선을 다하여 노력합니다.② 회사는 회원이 안전하게 서비스를 이용할 수 있도록 개인정보보호를 위해 보안시스템을 갖추어야 하며 개인정보처리방침을 공시하고 준수하며, 회원의 개인정보를 본인의 승낙 없이 제3자에게 누설, 배포하지 않고, 이를 보호하기 위하여 노력합니다.③ 회사는 서비스이용과 관련하여 회원으로부터 제기된 의견이나 불만이 정당하다고 인정할 경우에는 그에 필요한 조치를 취하여야 합니다.④ 회사가 제공하는 서비스로 인하여 회원에게 손해가 발생한 경우 그러한 손해가 회사의 고의나 과실에 의해 발생한 경우에 한하여 회사에서 책임을 부담하며, 그 책임의 범위는 통상손해에 한합니다. 제21조 (회원의 의무)① 회원은 기타 관계 법령, 본 약관의 규정, 이용안내 및 서비스상에 공지한 주의사항, 회사가 통지하는 사항 등을 준수하여야 하며, 기타 회사의 업무에 방해되는 행위를 하여서는 아니 됩니다.② 회원은 서비스의 이용권한, 기타 서비스 이용계약상의 지위를 타인에게 양도, 증여할 수 없으며 이를 담보로 제공할 수 없습니다.③ 회원은 서비스 이용과 관련하여 다음 각 호의 행위를 하여서는 안됩니다.  (1) 서비스 신청 또는 변경 시 허위내용을 등록하는 행위  (2) 다른 회원의 아이디 및 비밀번호를 도용하여 부당하게 서비스를 이용하거나, 정보를 도용하는 행위  (3) 타인의 계좌번호 및 신용카드번호 등 타인의 허락 없이 타인의 결제정보를 이용하여 회사의 유료서비스를 이용하는 행위  (4) 정당한 사유 없이 당사의 영업을 방해하는 내용을 기재하는 행위  (5) 회사가 게시한 정보를 변경하는 행위  (6) 회사가 정한 정보 이외의 정보(컴퓨터 프로그램 등) 등을 송신 또는 게시하는 행위  (7) 회사와 기타 제3자의 저작권 등 지적재산권을 침해하는 행위  (8) 회사 및 기타 제3자의 명예를 손상시키거나 업무를 방해하는 행위  (9) 외설 또는 폭력적인 메시지, 화상, 음성 기타 공공질서 미풍양속에 반하는 정보를 공개 또는 게시하는 행위  (10) 회사의 동의 없이 영리를 목적으로 서비스를 사용하는 행위  (11) 회사의 직원이나 서비스의 관리자를 가장하거나 사칭하여 또는 타인의 명의를 도용하여 글을 게시하거나 메일을 발송하는 행위  (12) 서비스와 관련된 설비의 오동작이나 정보 등의 파괴 및 혼란을 유발시키는 컴퓨터 바이러스, 기타 다른 컴퓨터 코드, 파일, 프로그램 자료를 등록 또는 유포하는 행위  (13) 회사가 제공하는 소프트웨어 등을 개작하거나 리버스 엔지니어링, 디컴파일, 디스어셈블 및 기타 일체의 가공행위를 통하여 서비스를 복제, 분해 또는 모방 기타 변형하는 행위  (14) 자동 접속 프로그램 등을 사용하는 등 정상적인 용법과 다른 방법으로 서비스를 이용하여 회사의 서버에 부하를 일으켜 회사의 정상적인 서비스를 방해하는 행위  (15) 다른 회원의 개인정보를 그 동의 없이 수집, 저장, 공개하는 행위  (16) 기타 불법적이거나 회사에서 정한 규정을 위반하는 행위④ 회사는 회원이 제1항의 행위를 하는 경우 해당 게시물 등을 삭제 또는 임시 삭제할 수 있으며 서비스의 이용을 제한하거나 일방적으로 본 계약을 해지할 수 있습니다.⑤ 회원은 회원정보, 계정정보에 변경이 있는 경우 제7조에 따라 이를 즉시 변경하여야 하며, 더불어 비밀번호를 철저히 관리하여야 합니다. 회원의 귀책으로 말미암은 관리소홀, 부정사용 등에 의하여 발생하는 모든 결과에 대한 책임은 회원 본인이 부담하며, 회사는 이에 대한 어떠한 책임도 부담하지 않습니다.⑥ 민법상 미성년자인 회원이 유료 서비스를 이용 할 경우 미성년자인 회원은 결제 전 법정대리인의 동의를 얻어야 하며, 만 14세 미만 아동의 경우 본 서비스를 이용할 수 없습니다.⑦ 회원은 회사에서 공식적으로 인정한 경우를 제외하고는 서비스를 이용하여 상품을 판매하는 영업 활동을 할 수 없으며, 특히 해킹, 광고를 통한 수익, 음란사이트를 통한 상업행위, 상용소프트웨어 불법배포 등을 할 수 없습니다. 이를 위반하여 발생한 영업 활동의 결과 및 손실, 관계기관에 의한 구속 등 법적 조치 등에 관해서는 회사가 책임을 지지 않으며, 회원은 이와 같은 행위와 관련하여 회사에 대하여 손해배상 의무를 집니다. 제22조 (회원에 대한 통지)① 회사가 회원에 대한 통지를 하는 경우 본 약관에 별도 규정이 없는 한 회원이 기재한 E-mail로 할 수 있습니다.② 회사는 불특정 다수 회원에 대한 통지의 경우 서비스 게시판 등에 게시함으로써 개별 통지에 갈음할 수 있습니다. 제23조 (서비스 이용 해지)① 회원이 이용계약을 해지하고자 하는 때에는 사이트 또는 앱을 통해 안내된 해지방법에 따라 해지를 신청할 수 있습니다.② 회사는 등록 해지신청이 접수되면 회원이 원하는 시점에 해당 회원의 서비스 이용을 해지하여야 합니다.③ 회원이 계약을 해지할 경우, 관련법 및 개인정보처리방침에 따라 회사가 회원정보를 보유할 수 있는 경우를 제외하고 회원의 개인정보는 해지 즉시 삭제됩니다. 제24조 (서비스 이용 제한)① 회사는 이용제한정책에서 정하는 바에 따라 회원이 본 약관상 의무를 위반하거나 서비스의 정상적인 운영을 방해한 경우, 경고∙일시적 이용정지∙영구적 이용정지 등의 단계로 서비스 이용을 제한하거나 이용계약을 해지할 수 있습니다. 단, 회원에게 제6조 제1항의 사유가 있음이 확인되거나 회원이 서비스 이용과 관련하여 불법행위를 하거나 조장∙방조한 경우에는 즉시 영구적 이용정지 조치 또는 이용계약 해지를 할 수 있습니다.② 회사는 회원이 계속해서 1년 이상 서비스를 이용하지 않은 경우에는, 정보통신망법에 따라 필요한 조치를 취할 수 있고, 회원정보의 보호 및 운영의 효율성을 위해 이용을 제한할 수 있습니다.③ 본 조에 따라 서비스 이용을 제한하거나 계약을 해지하는 경우에는 회사는 제19조에 따라 회원에게 통지합니다.④ 회원은 본조에 따른 서비스 이용정지 기타 서비스 이용과 관련된 이용제한에 대해 회사가 정한 절차에 따라 이의신청을 할 수 있으며, 회사는 회원의 이의신청이 정당하다고 판단되는 경우 즉시 서비스 이용을 재개합니다. 제5장 기타 제25조 (손해 배상)① 회원이 본 약관의 규정을 위반함으로 인하여 회사에 손해가 발생하게 되는 경우, 본 약관을 위반한 회원은 회사에 발생하는 모든 손해를 배상하여야 합니다.② 회원이 서비스를 이용하는 과정에서 행한 불법행위나 본 약관 위반행위로 인하여 회사가 당해 회원 이외의 제3자로부터 손해배상 청구 또는 소송을 비롯한 각종 이의제기를 받는 경우 당해 회원은 자신의 책임과 비용으로 회사를 면책 시켜야 하며, 회사가 면책되지 못한 경우 당해 회원은 그로 인하여 회사에 발생한 모든 손해를 배상하여야 합니다. 제26조 (면책사항)① 회사는 천재지변 또는 이에 준하는 불가항력으로 인하여 서비스를 제공할 수 없는 경우에는 서비스 제공에 관한 책임이 면책됩니다.② 회사는 회원의 귀책사유로 인한 서비스의 이용장애에 대하여 책임을 지지 않습니다.③ 회사는 회원이 서비스를 이용하여 기대하는 수익을 상실한 것에 대하여 책임을 지지 않으며 그 밖에 서비스를 통하여 얻은 자료로 인한 손해 등에 대하여도 책임을 지지 않습니다. 회사는 회원이 게재한 게시물(이용후기, 숙소평가 등 포함)의 정확성 등 내용에 대하여는 책임을 지지 않습니다.④ 회사는 회원 상호간 또는 회원과 제3자 상호간에 서비스를 매개로 발생한 분쟁에 대해서는 개입할 의무가 없으며 이로 인한 손해를 배상할 책임도 없습니다.⑤ 상품등은 판매자의 책임 하에 관리∙운영되고, 회사는 통신판매중개자로서 서비스 운영 상의 문제를 제외한 상품등의 하자∙부실 등으로 인한 책임은 판매자에게 귀속되며 회사는 어떠한 책임도 부담하지 않습니다.⑥ 회사는 제3자가 서비스 내 화면 또는 링크된 웹사이트를 통하여 광고한 제품 또는 서비스의 내용과 품질에 대하여 감시할 의무가 없으며 그로 인한 어떠한 책임도 지지 아니합니다.⑦ 회사는 회사 및 회사의 임직원 그리고 회사 대리인의 고의 또는 중대한 과실이 없는 한 다음 각 호의 사항으로부터 발생하는 손해에 대해 책임을 지지 아니합니다.  (1) 회원정보 등의 허위 또는 부정확성에 기인하는 손해  (2) 서비스에 대한 접속 및 서비스의 이용과정에서 발생하는 개인적인 손해  (3) 서버에 대한 제3자의 모든 불법적인 접속 또는 서버의 불법적인 이용으로부터 발생하는 손해  (4) 서버에 대한 전송 또는 서버로부터의 전송에 대한 제3자의 모든 불법적인 방해 또는 중단행위로부터 발생하는 손해  (5) 제3자가 서비스를 이용하여 불법적으로 전송, 유포하거나 또는 전송, 유포되도록 한 모든 바이러스, 스파이웨어 및 기타 악성 프로그램으로 인한 손해  (6) 전송된 데이터의 오류 및 생략, 누락, 파괴 등으로 발생되는 손해  (7) 회원간의 회원 상태정보 등록 및 서비스 이용 과정에서 발생하는 명예훼손 기타 불법행위로 인한 각종 민∙형사상 책임 제27조 (분쟁 조정 및 관할법원)본 약관과 회사와 회원간에 발생한 분쟁 등에 관하여는 대한민국 법령이 적용되며, 회사의 주소지를 관할하는 법원을 관할법원으로 합니다. * 부 칙1. 본 약관은 2020년 4월 21일부터 시행됩니다. 주식회사 야놀자는 더 나은 서비스 제공을 위해 항상 최선을 다하겠습니다. 앞으로도 지속적인 서비스 이용과 관심 부탁드립니다.감사합니다.​ ​ ", "20.04.14" ),
 ( 1, "야놀자 포인트 적립 정책 변경 안내", "안녕하세요, 야놀자 입니다.야놀자 서비스의 <포인트 적립 기준>이 아래와 같이 일부 변경(종료) 되어 공지 안내 드립니다. 변경 사항- 국내숙소 미리예약 포인트 적립 종료  ㄴ 야놀자 서비스 내 국내숙소(모텔, 호텔, 리조트/콘도, 펜션/풀빌라, 게스트하우스) 미리예약시 지급되던 기본 포인트 적립 서비스가 종료됩니다. 변경 시행일- 2020년 6월 15일 00시 00분 기준 미리예약 발생 건부터 적용 ●​ 상기 사항 외 야놀자 포인트 정책은 동일하게 유지됩니다. 관련 사항은 고객센터(1644-1346)로 문의 주시면, 친절하게 안내 드리겠습니다.항상 야놀자 서비스에 관심을 갖고 이용해주시는 고객님들께 진심으로 감사드리며, 보다 나은 서비스 제공을 위해 언제나 최선을 다하는 야놀자가 되겠습니다. 감사합니다.", "20.05.15" ),
 ( 1, "야놀자 개인정보처리방침 개정 안내 (2020.3.3)", "안녕하세요. 야놀자입니다. 보다 나은 서비스 제공을 위해 야놀자의 개인정보처리방침이 다음과 같이 변경됨을 알려 드립니다. ▶ 개인정보처리방침 변경 및 시행일 : 2020년 3월 3일 ▶ 개인정보처리방침 변경 내용제 3 조 (개인정보 수집•이용 목적 및 수집항목 등)1) 회원의 선택정보 중 제휴서비스 제공 및 민원처리의 수집항목 변경 및 추가, 보유•이용기간 변경KT 멤버십 할인 서비스 이용 시 : 멤버십 카드번호, KT 멤버십 가입 고객의 생년월일, 통신사 정보SK T멤버십 할인 서비스 이용 시 : 멤버십 카드번호, 이름, 생년월일, 성별, 휴대폰번호, 연계정보(CI), 통신사 정보보유•이용기간 : 회원 탈퇴 요청 시 상담 등 민원처리, 정산 및 환불 처리를 위해 30일 후 삭제(예약건이 존재할 경우 90일 후 삭제) 제 5 조 (개인정보의 제3자 제공에 대한 동의)제공받는자 (주)케이티의 수집 항목 및 이용 및 보유기간 변경제공 항목 : 멤버십 카드번호, 생년월일이용 및 보유기간 : KT 멤버십 탈퇴 요청 시 삭제. 단, 관계법령에 의하여 보존할 필요성이 있는 경우 그 시점까지 보존 후 지체 없이 파기 제공받는자 추가제공받는자 : SK텔레콤(주)제공 목적 : T멤버십 포인트 사용 및 취소, 민원처리 등 소비자 분쟁해결제공 항목 : 멤버십 카드번호, 연계정보(CI)이용 및 보유기간 : T멤버십 탈퇴 요청 시 삭제. 단, 관계법령에 의하여 보존할 필요성이 있는 경우 그 시점까지 보존 후 지체 없이 파기 제 13 조(의견수렴 및 불만처리)기관명 및 홈페이지 주소 변경경찰청 사이버안전지킴이(http://www.police.go.kr / 국번 없이 182) (주)야놀자는 더 나은 서비스 제공을 위해 항상 최선을 다하겠습니다. 앞으로도 지속적인 서비스 이용과 관심 부탁드립니다. 감사합니다. ​​ ​ ​​ ", "20.03.02" ),
 ( 1, "야놀자 개인정보처리방침 개정 안내 (2020.4.13)", "안녕하세요. 야놀자입니다. 보다 나은 서비스 제공을 위해 야놀자의 개인정보처리방침이 다음과 같이 변경됨을 알려 드립니다. ▶ 개인정보처리방침 변경 및 시행일 : 2020년 4월 13일 ▶ 개인정보처리방침 변경 내용 제 3 조 (개인정보 수집•이용 목적 및 수집항목 등)가독성 향상을 위한 전체적인 포맷 수정 회원의 필수정보 보유•이용기간 변경(회원 탈퇴 요청 시 상담 등 민원처리, 정산 및 환불 처리를 위해 30일 후 삭제), 예약확인서 발급 시 수집항목(예약자의 이메일 주소) 추가 회원의 선택정보 보유•이용기간 변경(회원 탈퇴 요청 시 상담 등 민원처리, 정산 및 환불 처리를 위해 30일 후 삭제) 비회원의 필수정보 보유•이용기간 변경(이용종료일로부터 상담 등 민원처리, 정산 및 환불 처리를 위해 30일 후 삭제), 예약확인서 발급 시 수집항목(예약자의 이메일 주소) 추가 비회원의 선택정보 보유•이용기간 변경(이용종료일로부터 상담 등 민원처리, 정산 및 환불 처리를 위해 30일 후 삭제) 제 5 조 (개인정보의 제3자 제공에 대한 동의)제공받는자 중 숙박서비스 제공업체의 이용 및 보유기간 변경(개인정보 이용목적 달성 시까지) 제 11 조 (개인정보의 위탁처리)수탁 업체 및 위탁 업무 내용의 변경 및 추가 ㈜카카오페이 : 카카오페이 간편 결제엔에이치엔페이코㈜ : 페이코 간편 결제네이버파이낸셜㈜ : 네이버페이 간편 결제㈜케이지이니시스 : SSG페이 간편 결제, 카드결제, 계좌이체㈜비바리퍼블리카 : 토스 간편 결제㈜케이지모빌리언스 : 휴대폰 결제, 본인 확인(주)다날 : 휴대폰 결제갤럭시아커뮤니케이션즈㈜ : 휴대폰 결제엔에이치엔한국사이버결제㈜ : 카드 결제한국정보통신(주) : 카드 결제세종텔레콤㈜ : 050 안심번호 서비스씨제이올리브네트웍스㈜ : 알림톡/SMS/LMS/MMS 발송, 080 수신거부 서비스인포뱅크 주식회사 : SMS 발송케이티하이텔㈜ : SMS 발송LGU+ : Fax 수발신㈜제이앤비컨설팅 : 고객 상담효성ITX(주) : 고객 상담(주)이씨에스텔레콤 : 고객 상담시스템 개발운영 및 유지보수㈜스펙트라 : 고객 상담(채팅) 서비스를 위한 시스템 및 솔루션 프로그램 운영㈜야놀자에프앤지 : 이벤트 공지, 안내 및 관련 정보(당첨안내, 쿠폰 발송 등) 전송 제 14 조 (개인정보 보호책임자)개인정보 관리담당자의 부서 변경(보안정책팀)  (주)야놀자는 더 나은 서비스 제공을 위해 항상 최선을 다하겠습니다. 앞으로도 지속적인 서비스 이용과 관심 부탁드립니다. 감사합니다.​ ", "20.04.10" ),
 ( 1, "통신사 멤버십 할인 혜택 변경 안내", "코로나19로 인한 전 세계적인 여행업계의 위축으로 야놀자 서비스의 <통신사 멤버십 할인 혜택>이 일시적으로 축소되어 아래와 같이 안내 드립니다. 변경 사항 변경 시행일- 2020년 7월 1일 ~ 별도 공지시까지 위와 관련한 사항은 고객센터(1644-1346)로 문의 주시면, 친절하게 안내 드리겠습니다. 여행업계의 어려움 속에서도 혜택을 유지하기 위해 노력했으나 지속 가능한 서비스 제공을 위해 규모를 축소할 수밖에 없다는 점 양해 부탁드립니다.항상 야놀자 서비스에 관심을 갖고 이용해주시는 고객님들께 진심으로 감사드리며, 보다 나은 서비스 제공을 위해 언제나 최선을 다하는 야놀자가 되겠습니다.  ", "20.05.29" ),
 ( 1, "야놀자 개인정보처리방침 개정 안내 (2020.1.14)", "안녕하세요. 야놀자입니다. 보다 나은 서비스 제공을 위해 야놀자의 개인정보처리방침이 다음과 같이 변경됨을 알려 드립니다. ▶ 개인정보처리방침 변경 및 시행일 : 2020년 1월 14일 ▶ 개인정보처리방침 변경 내용 제3조(개인정보 수집∙이용 목적 및 수집항목 등)1) 회원필수정보 예약∙구매 시 수집 항목 중 예약자 및 구매자의 이름과 휴대폰 번호 항목을 예약자 및 구매자의 이름, 휴대폰 번호, 생년월일(필요한 서비스의 경우) 항목으로 변경, 방문자의 이름과 휴대폰 번호(예약자와 방문자가 다른 경우) 항목을 방문자(탑승자)의 이름, 휴대폰 번호, 생년월일(필요한 서비스의 경우) 항목으로 변경 2) 비회원필수정보 예약∙구매 시 수집 항목 중 예약자 및 구매자의 이름과 휴대폰 번호 항목을 예약자 및 구매자의 이름, 휴대폰 번호, 생년월일(필요한 서비스의 경우) 항목으로 변경, 방문자의 이름과 휴대폰 번호(예약자와 방문자가 다른 경우) 항목을 방문자(탑승자)의 이름, 휴대폰 번호, 생년월일(필요한 서비스의 경우) 항목으로 변경 제 5 조 (개인정보의 제3자 제공에 대한 동의)1. 제공받는자에 한국철도공사 추가제공 목적 : 예약∙구매한 상품∙서비스의 제공 및 계약의 이행(이용자 및 이용정보 확인), 민원처리 등 소비자 분쟁해결제공 항목 : 예약자의 이름, 휴대폰 번호, 대표 탑승자의 이름, 휴대폰 번호, 생년월일이용 및 보유기간 : 서비스 이용 종료 일로부터 5년 보관 후 삭제 2. 제공받는자에 TripAdvisor Singapore Pvt Ltd(싱가포르, +65 6643 1220) 추가제공 목적 : 서비스 제휴제공 항목 : 예약번호, 업체명, 체크인 날짜, 체크아웃 날짜, 판매가이용 및 보유기간 : 개인정보 이용목적 달성 시까지. 단, 관계법령에 의하여 보존할 필요성이 있는 경우 그 시점까지 보존 후 지체 없이 파기 (주)야놀자는 더 나은 서비스 제공을 위해 항상 최선을 다하겠습니다. 앞으로도 지속적인 서비스 이용과 관심 부탁드립니다. 감사합니다. ​​ ​ ​", "20.01.07" ),
 ( 1, "야놀자 개인정보처리방침 개정 안내 (2019.12.19)", "안녕하세요. 야놀자입니다. 보다 나은 서비스 제공을 위해 야놀자의 개인정보처리방침이 다음과 같이 변경됨을 알려 드립니다. ▶ 개인정보처리방침 변경 및 시행일 : 2019년 12월 19일 ▶ 개인정보처리방침 변경 내용 제11조(개인정보의 위탁처리)의 고객상담 업무 수탁 업체 중 (주)케이티씨에스 삭제 (주)야놀자는 더 나은 서비스 제공을 위해 항상 최선을 다하겠습니다. 앞으로도 지속적인 서비스 이용과 관심 부탁드립니다. 감사합니다. ​​ ​ ​", "19.12.16" ),
 ( 1, "야놀자 개인정보처리방침 개정 안내 (2019.12.3)", "안녕하세요. 야놀자입니다. 보다 나은 서비스 제공을 위해 야놀자의 개인정보처리방침이 다음과 같이 변경됨을 알려 드립니다. ▶ 개인정보처리방침 변경 및 시행일 : 2019년 12월 3일 ▶ 개인정보처리방침 변경 내용 제14조(개인정보 보호책임자)의 개인정보 보호책임자를 엄태욱(CPO) 에서  김동우(CPO)로 변경제14조(개인정보 보호책임자)의 개인정보 관리담당자를 설진영(플랫폼실) 에서 한정원(Technical Center)으로 변경 (주)야놀자는 더 나은 서비스 제공을 위해 항상 최선을 다하겠습니다. 앞으로도 지속적인 서비스 이용과 관심 부탁드립니다. 감사합니다. ​​", "19.11.29" ),
 ( 1, "야놀자 개인정보처리방침 개정 안내 (2022.8.17)", " ▶ 개인정보처리방침 변경 및 시행일 : 2022년 8월 17일▶ 개인정보처리방침 변경 내용제 3 조 (개인정보 수집∙이용 목적 및 수집항목 등) 비회원(제휴몰을 통한 구매고객)의 제휴몰(BNK) 추가제 5 조 (개인정보의 제3자 제공에 대한 동의)계약 종료에 따른 Travelscape LLC, Rakuten LIFULL STAY, Inc, Agoda Company Pte. Ltd.삭제제휴몰 추가에 따른 주식회사 부산은행 추가(주)야놀자클라우드코리아 추가제 11 조 (개인정보의 위탁처리)간편 계좌 결제 수탁사의 사명(주식회사 헥토파이낸셜) 변경(주)야놀자는 더 나은 서비스 제공을 위해 항상 최선을 다하겠습니다.앞으로도 지속적인 서비스 이용과 관심 부탁드립니다.감사합니다.​ ​", "22.08.16" ),
 ( 1, "바른후기 정책 변경 안내 (2020.01.09)", "안녕하세요, 야놀자 입니다.바른후기 정책 시행 전부터 오랜기간 쌓여온 이용후기 정책 개선을 통해 야놀자만의 공정하고 신뢰 높은 후기 문화를 정착하기 위한 새로운 기준을 마련하였습니다.   *해당 기준은 2020년 2월 중 시행될 예정이며, 세부 일정은 일부 변경될 수 있습니다. ​ 실제로 숙소를 이용한 고객에 한하여 후기 작성이 가능한 야놀자만의 바른후기 정책에 따라, 이에 부합하지 않는 게시물의 노출은 2월부터 제한되며, 평점도 신뢰 높은 최신의 후기만을 반영한 로직으로 변경됩니다.항상 야놀자 서비스에 관심을 갖고 이용해주시는 고객님께 진심으로 감사 드리며, 믿을 수 있는 바른후기 문화 정착을 위해 노력하는 야놀자가 되겠습니다. 감사합니다.​ 야놀자 드림​ ", "20.01.09" ),
 ( 1, "야놀자 개인정보처리방침 개정 안내 (2019.11.12)", "안녕하세요. 야놀자입니다. 보다 나은 서비스 제공을 위해 야놀자의 개인정보처리방침이 다음과 같이 변경됨을 알려 드립니다. ▶ 개인정보처리방침 변경 및 시행일 : 2019년 11월 12일 ▶ 개인정보처리방침 변경 내용 ​제 3 조 (개인정보 수집•이용 목적 및 수집항목 등)1) 회원1. 필수정보 서비스 이용시 수집 항목 중 이용정지기록, 이용해지 기록 삭제, 휴대전화 번호 항목을 휴대폰 번호 항목으로 변경 2. 필수정보 예약•구매시 수집 항목 중 결제정보 삭제, 휴대전화 번호 항목을 휴대폰 번호 항목으로 변경, 예약자의 이메일 주소와 투숙객의 영문 이름(해외숙소 예약시), 만17세 이하 자녀의 나이(해외숙소 예약시 동반하는 자녀가 있는 경우), 예약내역(예약일시, 결제금액, 업체명) 항목 추가 3. 필수정보 보유•이용기간 중 회원 탈퇴시 즉시 삭제(단, 아이디는 부정이용 이슈 방지를 위해 탈퇴 DB에서 7일 후 삭제) 항목을 회원 탈퇴 요청시 7일 후 삭제 항목으로 변경 4. 선택정보 보유•이용기간 중 회원 탈퇴시 즉시 삭제(단, 아이디는 부정이용 이슈 방지를 위해 탈퇴 DB에서 7일 후 삭제) 항목을 회원 탈퇴 요청시 7일 후 삭제 항목으로 변경 5. 선택정보 추가 수집•이용동의 목적 : 제휴 서비스 제공 및 민원 처리 항목 : 통신사 할인 서비스 이용시: 멤버십 번호, 생년월일 보유•이용기간 :  회원 탈퇴 요청시 7일 후 삭제, 관계법령에 따라 보존할 필요가 있는 경우 해당 법령에서 요구하는 기한까지 보관 (예: 구매 회원의 경우 5년간, IP의 경우 3개월) 2) 비회원1. 필수정보 예약•구매시 수집 항목 중 결제정보, 이용정지기록, 이용해지 기록 삭제, 휴대전화 번호 항목을 휴대폰 번호 항목으로 변경, 예약자의 이메일 주소와 투숙객의 영문 이름(해외숙소 예약시), 만17세 이하 자녀의 나이(해외숙소 예약시 동반하는 자녀가 있는 경우), 예약내역(예약일시, 결제금액, 업체명) 항목 추가 2. 선택정보 보유•이용기간 중 고객 요청시 즉시 삭제 항목을 고객 요청시 7일 후 삭제 로 변경 제 5 조 (개인정보의 제3자 제공에 대한 동의)1. 제공받는자 중 숙박서비스 제공업체의 상세 내용 변경제공 목적을 예약∙구매한 상품∙서비스의 제공 및 계약의 이행(이용자 및 이용정보 확인, 현장민원처리)에서 예약∙구매한 상품∙서비스의 제공 및 계약의 이행(이용자 및 이용정보 확인), 민원처리 등 소비자 분쟁해결로 변경제공 항목 중 이메일, 아동나이(17세 이하, 아동이 있는 경우에 한함) 항목 삭제, 휴대전화 번호 항목을 휴대폰 번호로 변경이용 및 보유기간을 계약 종료 시까지 또는 회원 탈퇴 시까지. 단, 법령이 정한 시점까지 보존에서 서비스 이용 종료 일로부터 7일 후 삭제. 단, 관계법령에 의하여 보존할 필요성이 있는 경우 그 시점까지 보존 후 지체 없이 파기로 변경 2. 제공받는자 중 (주)레저큐의 상세 내용 변경제공 목적을 서비스 제공, 구매자 및 수취인 확인에서 예약∙구매한 상품∙서비스의 제공 및 계약의 이행(이용자 및 이용정보 확인), 민원처리 등 소비자 분쟁해결로 변경제공 항목 중 구매자 및 수취인 정보(이름, 휴대전화 번호) 항목을 예약자 정보(예약자명, 휴대폰 번호)로 변경이용 및 보유기간을 계약 종료 시까지 또는 회원 탈퇴 시까지. 단, 법령이 정한 시점까지 보존에서 개인정보 이용목적 달성 시까지. 단, 관계법령에 의하여 보존할 필요성이 있는 경우 그 시점까지 보존 후 지체 없이 파기로 변경 3. 제공받는자 중 Travelscape LLC(미국, support@ean.com)의 상세 내용 변경제공 목적을 서비스 제공, 이용자 확인에서 예약∙구매한 상품∙서비스의 제공 및 계약의 이행(이용자 및 이용정보 확인), 민원처리 등 소비자 분쟁해결로 변경제공 항목 중 아동 나이(17세 이하. 아동이 있는 경우에 한함) 항목을 만17세 이하 자녀의 나이(동반하는 자녀가 있는 경우)로 변경이용 및 보유기간을 계약 종료 시까지 또는 회원 탈퇴 시까지. 단, 법령이 정한 시점까지 보존에서 개인정보 이용목적 달성 시까지. 단, 관계법령에 의하여 보존할 필요성이 있는 경우 그 시점까지 보존 후 지체 없이 파기로 변경 4. 제공받는자 중 Rakuten LIFULL STAY, Inc(일본, +81 50 3684 6895)의 상세 내용 변경제공 목적을 서비스 제공, 이용자 확인에서 예약∙구매한 상품∙서비스의 제공 및 계약의 이행(이용자 및 이용정보 확인), 민원처리 등 소비자 분쟁해결로 변경이용 및 보유기간을 계약 종료 시까지 또는 회원 탈퇴 시까지. 단, 법령이 정한 시점까지 보존에서 개인정보 이용목적 달성 시까지. 단, 관계법령에 의하여 보존할 필요성이 있는 경우 그 시점까지 보존 후 지체 없이 파기로 변경 5. 제공받는자 중 (주)지냄의 상세 내용 변경제공 목적을 게스트하우스 예약 제휴에서 예약∙구매한 상품∙서비스의 제공 및 계약의 이행(이용자 및 이용정보 확인), 민원처리 등 소비자 분쟁해결로 변경제공 항목 중 예약자명, 휴대전화 번호 항목을 예약자 정보(예약자명, 휴대폰 번호)로 변경이용 및 보유기간을 계약 종료 시까지 또는 회원 탈퇴 시까지. 단, 법령이 정한 시점까지 보존에서 개인정보 이용목적 달성 시까지. 단, 관계법령에 의하여 보존할 필요성이 있는 경우 그 시점까지 보존 후 지체 없이 파기로 변경 6. 제공받는자 중 ㈜야놀자에프엔지의 상세 내용 변경이용 및 보유기간을 계약 종료 시까지 또는 회원 탈퇴 시까지. 단, 법령이 정한 시점까지 보존에서 개인정보 이용목적 달성 시까지. 단, 관계법령에 의하여 보존할 필요성이 있는 경우 그 시점까지 보존 후 지체 없이 파기로 변경 7. 제공받는자 중 HotelsCombined Pty Ltd ACN 122 130 555(오스트레일리아, legal@hotelscombined.com)의 상세 내용 변경이용 및 보유기간을 계약 종료 시까지 또는 회원 탈퇴 시까지. 단, 법령이 정한 시점까지 보존에서 개인정보 이용목적 달성 시까지. 단, 관계법령에 의하여 보존할 필요성이 있는 경우 그 시점까지 보존 후 지체 없이 파기로 변경 8. 제공받는자에 Agoda Company Pte. Ltd.,(싱가포르, +82 2 6022 2442 (KR)) 추가제공 목적 : 예약∙구매한 상품∙서비스의 제공 및 계약의 이행(이용자 및 이용정보 확인), 민원처리 등 소비자 분쟁해결제공 항목 : 예약번호, 이용자 명, 이메일,  만17세 이하 자녀의 나이(동반하는 자녀가 있는 경우)이용 및 보유기간 : 개인정보 이용목적 달성 시까지. 단, 관계법령에 의하여 보존할 필요성이 있는 경우 그 시점까지 보존 후 지체 없이 파기 9. 제공받는자에 (주)케이티 추가제공 목적 : KT 멤버십 포인트 사용 및 취소, 민원처리 등 소비자 분쟁해결제공 항목 : 멤버십 번호, 생년월일이용 및 보유기간 : 케이티 멤버십 탈퇴 요청시 삭제. 단, 관계법령에 의하여 보존할 필요성이 있는 경우 그 시점까지 보존 후 지체 없이 파기 (주)야놀자는 더 나은 서비스 제공을 위해 항상 최선을 다하겠습니다. 앞으로도 지속적인 서비스 이용과 관심 부탁드립니다. 감사합니다. ​​ ​ ​​ ", "19.11.12" ),
 ( 1, "야놀자 서비스 정기점검 안내(11/19 AM 3:30 ~ 7:00)", "안녕하세요. 야놀자입니다. 더욱 안정적인 서비스 제공을 위해 서버 정기점검을 안내드립니다.  점검일시 안내▶ 2019년 11월 19일(화) 오전 3:30~7:00 (약 3시간 30분) 점검범위 안내▶ 야놀자 앱, PC웹 등 야놀자 서비스 전체 사용 불가  서비스 이용에 불편을 드려 죄송합니다.빠른 점검과 안정된 서비스로 찾아뵙겠습니다.  감사합니다. ​​ ​ ​ ", "19.11.04" ),
 ( 1, "야놀자 개인정보처리방침 개정 공지(2019.10.15)", "안녕하세요. 야놀자입니다. 보다 나은 서비스 제공을 위해 야놀자의 개인정보처리방침이 다음과 같이 변경됨을 알려 드립니다. ▶ 개인정보처리방침 변경 및 시행일 : 2019년 10월 15일 ▶ 개인정보처리방침 변경 내용    1. ​제 9 조 (맞춤형 광고 안내)의 행태정보의 수집ㆍ처리 광고 사업자, 행태정보를 제공받는 자에 Appsflyer Ltd. 추가 및 Branch Metrics 삭제 (주)야놀자는 더 나은 서비스 제공을 위해 항상 최선을 다하겠습니다. 앞으로도 지속적인 서비스 이용과 관심 부탁드립니다. 감사합니다. ​​ ​ ", "19.10.14" ),
 ( 1, "야놀자 개인정보처리방침 개정 안내 (2019.09.24)", "안녕하세요. 야놀자입니다. 보다 나은 서비스 제공을 위해 야놀자의 개인정보처리방침이 다음과 같이 변경됨을 알려 드립니다. ▶ 개인정보처리방침 변경 및 시행일 : 2019년 9월 24일 ▶ 개인정보처리방침 변경 내용    1. ​제 11 조 (개인정보의 위탁처리)의 신용카드, 휴대폰, 계좌이체, 간편결제 등 결제수단별 결제처리 및 계좌인증 업무 수탁업체에 한국정보통신(주), (주)다날 추가​(주)야놀자는 더 나은 서비스 제공을 위해 항상 최선을 다하겠습니다. 앞으로도 지속적인 서비스 이용과 관심 부탁드립니다. 감사합니다. ​​ ", "19.09.24" ),
 ( 1, "야놀자 서비스이용약관 개정 안내(2019.09.19)", "안녕하세요. 주식회사 야놀자입니다. 야놀자 서비스를 이용해주시는 회원 분들께 감사드리며, 야놀자 서비스 내 ‘항공서비스’가 신규 OPEN함에 따라 서비스 이용약관을 아래와 같이 일부 개정(추가)됨을 안내 드립니다. 1. 적용시기: 2019년 9월 19일(목) 2. 주요 변경 내용- 항공 서비스를 이용하시는 회원님의 약관 효력 범위에 대한 내용을 추가하였습니다. - 서비스 이용약관 개정에 대한 조문은 페이지 하단에서 확인하실 수 있습니다. ​ 3. 개정 조문- 구분: 제3조 제1항 약관의 효력 및 변경- 개정 전: 본 약관은 서비스를 이용하고자 하는 모든 회원에 대하여 그 효력을 발생합니다.- 개정 후: 본 약관은 서비스를 이용하고자 하는 모든 회원에 대하여 그 효력을 발생합니다. 단, '항공 서비스'의 경우 본 약관이 아닌 회사에 항공권 정보를 제공하는 사업자(Ex: Kayak 등)의 약관이 적용됩니다(자세한 안내는 항공 서비스 영역에 별도 표시).​  주식회사 야놀자는 더 나은 서비스 제공을 위해 항상 최선을 다하겠습니다.앞으로도 지속적인 서비스 이용과 관심 부탁 드립니다. 감사합니다.", "19.09.19" ),
 ( 1, "야놀자 서비스 정기점검 안내(3/3 AM 3:00 ~ 6:00)", "안녕하세요. 야놀자입니다. 더욱 안정적인 서비스 제공을 위한 정기점검을 안내드립니다.  점검일시 안내▶ 2020년 3월 3일(화) 오전 3:00~6:00 (약 3시간) 점검범위 안내▶ 야놀자 앱, PC웹 등 야놀자 서비스 전체 사용 불가  서비스 이용에 불편을 드려 죄송합니다. 빠른 점검과 안정된 서비스로 찾아뵙겠습니다. 감사합니다. ", "20.02.18" ),
 ( 1, "야놀자 개인정보처리방침 개정 공지(2019.08.20)", "안녕하세요. 야놀자입니다.보다 나은 서비스 제공을 위해 야놀자의 개인정보처리방침이 다음과 같이 변경됨을 알려 드립니다. ▶ 개인정보처리방침 변경 및 시행일 : 2019년 8월 20일 ▶ 개인정보처리방침 변경 내용    1. ​제 9 조 (맞춤형 광고 안내)의 행태정보의 수집ㆍ처리 광고 사업자, 행태정보를 제공받는 자에 Appsflyer Ltd. 추가 및 Branch Metrics 삭제 (주)야놀자는 더 나은 서비스 제공을 위해 항상 최선을 다하겠습니다.앞으로도 지속적인 서비스 이용과 관심 부탁드립니다. 감사합니다. ​​ ", "19.08.13" ),
 ( 1, "야놀자 개인정보처리방침 개정 공지(2019.08.13)", "안녕하세요. 야놀자입니다.보다 나은 서비스 제공을 위해 야놀자의 개인정보처리방침이 다음과 같이 변경됨을 알려 드립니다. ▶ 개인정보처리방침 변경 및 시행일 : 2019년 8월 13일 ▶ 개인정보처리방침 변경 내용    1. ​제 11 조 (개인정보의 위탁처리)의 고객상담 업무 수탁업체에 효성ITX(주) 추가 (주)야놀자는 더 나은 서비스 제공을 위해 항상 최선을 다하겠습니다.앞으로도 지속적인 서비스 이용과 관심 부탁드립니다. 감사합니다. ​", "19.08.08" ),
 ( 1, "야놀자 서비스 이용약관 개정 안내", "안녕하세요, 야놀자 입니다.야놀자 서비스를 이용해주시는 고객님들께 감사의 인사를 드립니다. 2022년 8월 1일자로 야놀자 서비스 이용약관을 일부 개정하게 되어 아래와 같이 안내 드리고자 합니다. 회사와 회원의 손해배상 범위 등에 관한 문구 일부 수정 및 삭제새롭게 개정된 약관은 2022년 7월 22일 10:00 전 가입 고객을 대상으로 2022년 8월 1일부터 적용될 예정입니다. 2022년 7월 22일 10:00 부터 야놀자에 신규로 가입하시는 회원님은 가입을 위한 이용약관 동의 시에 개정된 약관으로 적용됩니다.이에 따라, 현재 약관은 개정일을 기준으로 효력을 상실하고 개정된 서비스 이용약관으로 대체됩니다.1) 개정 공지일 : 2022. 7. 21. 2) 개정 시행일 : 2022. 8. 1.개정된 약관에 대한 이의 제기 및 문의 사항이 있으신 경우, 1664-1346에 문의하여 주시기 바랍니다.개정약관에 대해 공지일자부터 적용일자 전까지 별도의 의사표시를 하지 않으시면 개정 약관에 동의한 것으로 간주합니다.늘 야놀자를 아껴 주시는 고객님께 감사드리며, 더욱 좋은 서비스를 제공하기 위해 노력하는 야놀자가 되겠습니다.감사합니다.야놀자 드림", "22.07.20" ),
 ( 1, "PC 웹사이트 http://help.yanolja.com 셧다운 공지", "안녕하세요, 야놀자 입니다. 야놀자 PC WEB 서비스였던 http://help.yanolja.com 페이지가 종료되어 공지 안내드립니다.모바일 웹과 앱에서 사용하고 있는 공지사항, FAQ, 카카오톡 1:1문의를 통하여 기존에 사용하시던 메뉴들을 그대로 대체하여 노출할 예정입니다. -종료일시: 2019년 11월 21일 (목)-종료내용: PC 웹 http://help.yanolja.com 종료 항상 야놀자 서비스에 관심을 갖고 이용해주시는 고객님들께 진심으로 감사드리며, 보다 나은 서비스 제공을 위해 언제나 최선을 다하는 야놀자가 되겠습니다.감사합니다.", "19.11.14" ),
 ( 1, "야놀자 개인정보처리방침 개정 공지(2019.08.20)(시행 변경)", "안녕하세요. 야놀자입니다. 보다 나은 서비스 제공을 위해 2019년 8월 13일 안내해드렸던 야놀자의 개인정보처리방침 개정이 다음과 같이 변경됨을 알려 드립니다. ▶ 당사 내부 사정에 의해 개인정보처리방침의 변경 및 시행이 연기되었습니다.​(주)야놀자는 더 나은 서비스 제공을 위해 항상 최선을 다하겠습니다. 앞으로도 지속적인 서비스 이용과 관심 부탁드립니다. 감사합니다. ​​", "19.08.14" ),
 ( 1, "야놀자 개인정보처리방침 개정 공지(2019.05.23)", "안녕하세요. 야놀자입니다.보다 나은 서비스 제공을 위해 야놀자의 개인정보처리방침이 다음과 같이 변경됨을 알려 드립니다.▶ 개인정보처리방침 변경 및 시행일 : 2019년 5월 23일▶ 개인정보처리방침 변경 내용1. 제3조의 개인정보 수집항목에서 '현금환불요청시' 등과 같은 불필요하고 중복된 내용을 일부 삭제하였습니다.2. 제3조의 개인정보 수집항목에 '생년월일', '결제정보'를 추가하였습니다.3. 제5조의 개인정보 제3자 제공 받는 자 항목에 'HotelsCombined'를 추가하였습니다.(주)야놀자는 더 나은 서비스 제공을 위해 항상 최선을 다하겠습니다.앞으로도 지속적인 서비스 이용과 관심 부탁드립니다.감사합니다. ​​​", "19.05.23" ),
 ( 1, "야놀자 개인정보처리방침 개정 공지(2019.08.01)", "안녕하세요. 야놀자입니다.보다 나은 서비스 제공을 위해 야놀자의 개인정보처리방침이 다음과 같이 변경됨을 알려 드립니다. ▶ 개인정보처리방침 변경 및 시행일 : 2019년 8월 1일 ▶ 개인정보처리방침 변경 내용   1. ​제 3 조 (개인정보 수집∙이용 목적 및 수집항목 등)의 회원/비회원 필수 수집 항목 중 '생년월일'을 삭제​(주)야놀자는 더 나은 서비스 제공을 위해 항상 최선을 다하겠습니다.앞으로도 지속적인 서비스 이용과 관심 부탁드립니다. 감사합니다. ​", "19.07.26" ),
 ( 1, "야놀자 위치정보이용약관 개정 공지(2019.05.13)", "안녕하세요. 야놀자입니다.보다 나은 서비스 제공을 위해 야놀자의 위치정보이용약관이 다음과 같이 변경됨을 알려 드립니다.▶ 위치정보이용약관 변경 및 시행일 : 2019년 5월 13일▶ 위치정보이용약관 변경 내용1. 사옥 이전으로 인해 제 17 조 (회사의 연락처)의 사옥 주소를 변경(주)야놀자는 더 나은 서비스 제공을 위해 항상 최선을 다하겠습니다.앞으로도 지속적인 서비스 이용과 관심 부탁드립니다.", "19.05.02" ),
 ( 1, "야놀자 개인정보처리방침 개정 공지(2019.05.13)", "안녕하세요. 야놀자입니다.보다 나은 서비스 제공을 위해 야놀자의 개인정보처리방침이 다음과 같이 변경됨을 알려 드립니다.▶ 개인정보처리방침 변경 및 시행일 : 2019년 5월 13일▶ 개인정보처리방침 변경 내용1. ​제 3 조 (개인정보 수집∙이용 목적 및 수집항목 등)의 회원/비회원 필수 수집 항목에 '생년월일'을 추가(주)야놀자는 더 나은 서비스 제공을 위해 항상 최선을 다하겠습니다.앞으로도 지속적인 서비스 이용과 관심 부탁드립니다.", "19.05.02" ),
 ( 1, "야놀자 개인정보처리방침 개정 공지(2019.07.01)", "안녕하세요. 야놀자입니다.보다 나은 서비스 제공을 위해 야놀자의 개인정보처리방침이 다음과 같이 변경됨을 알려 드립니다.▶ 개인정보처리방침 변경 및 시행일 : 2019년 7월 1일▶ 개인정보처리방침 변경 내용1. 제11조(개인정보의 위탁처리)의 수탁 업체 추가: 고객상담 업무를 위한 ㈜제이앤비컨설팅을 추가하였습니다. (주)야놀자는 더 나은 서비스 제공을 위해 항상 최선을 다하겠습니다.앞으로도 지속적인 서비스 이용과 관심 부탁드립니다.감사합니다. ​​​", "19.07.08" ),
 ( 1, "[공지] 서비스 정기점검 안내 (4/10 AM 03:00~07:00)", "안녕하세요. 야놀자입니다. 더욱 안정적인 서비스 제공을 위해 서버 정기점검을 안내드립니다.  - 점검일시 안내4월 10일(수) 오전 3:00~7:00 (약 4시간)  - 점검범위 안내 야놀자 앱, 모바일웹, PC웹 등 야놀자 서비스 전체 사용 불가 ​  서비스 이용에 불편을 드려 죄송합니다. 빠른 점검과 안정된 서비스로 찾아 뵙겠습니다.  감사합니다.​ ​ ", "19.04.05" ),
 ( 1, "야놀자 개인정보처리방침 개정 공지(2019.04.01)", "앞으로도 지속적인 서비스 이용과 관심 부탁드립니다.", "19.04.01" ),
 ( 1, "야놀자 개인정보처리방침 개정 안내 (2022.7.1)", "안녕하세요. 야놀자입니다.보다 나은 서비스 제공을 위해 야놀자의 개인정보처리방침이 다음과 같이 변경됨을 알려 드립니다.▶ 개인정보처리방침 변경 및 시행일 : 2022년 7월 1일▶ 개인정보처리방침 변경 내용제 3 조 (개인정보 수집∙이용 목적 및 수집항목 등)제 5 조 (개인정보의 제3자 제공에 대한 동의)제 14 조 (개인정보 보호책임자)(주)야놀자는 더 나은 서비스 제공을 위해 항상 최선을 다하겠습니다.앞으로도 지속적인 서비스 이용과 관심 부탁드립니다.감사합니다.​ ​", "22.06.30" ),
 ( 1, "[공지] 서비스 정기점검 안내 (4/2 AM 03:00~07:00)", "안녕하세요. 야놀자입니다. 더욱 안정적인 서비스 제공을 위해 서버 정기점검을 안내드립니다.  - 점검일시 안내4월 2일(화) 오전 3:00~7:00 (약 4시간)  - 점검범위 안내 야놀자 앱, PC웹 등 야놀자 서비스 전체 사용 불가 ​  서비스 이용에 불편을 드려 죄송합니다. 빠른 점검과 안정된 서비스로 찾아 뵙겠습니다.  감사합니다.​ ", "19.03.28" ),
 ( 1, "오프라인 방문 QR 인증 서비스 : 임시 방문 포인트 보유 비회원 대상, 보상 안내", "안녕하세요. 야놀자입니다. <오프라인 방문 QR 인증 서비스> 종료로 인해 적립일 이후 1년간의 임시 적립 포인트를 유지 보관하지 못하게 됨에 따라,이에 대한 보상 차원에서 아래 기간 중 회원가입을 완료하시면 임시 적립된 포인트에 2,000P를 추가 지급해 드립니다.  대상 고객 ．​​2018-03-21 ~ 2019-03-20 중 비 회원 상태로 오프라인 방문 인증을 완료하신 고객 ．​​대상 고객님께는 LMS를 통해 별도 안내 전환 및 보상 기간 ．​​2019년 3월 22일 (금) ~ 2019년 4월 19일 (금) 참여 방법 ．LMS로 별도 안내되는 ​​이벤트 대상 휴대전화번호 확인 ．​​야놀자 회원가입 및 대상 휴대폰 번호로 인증 완료 * 개인정보보호를 위해 이벤트 대상 휴대전화번호는 뒤 4자리만 표기하여 안내됩니다.보상 혜택 ．​​임시 적립 포인트 + 2,000P를 회원가입일 기준, 다음주 월요일 오전 중 일괄 지급 유의사항 ．​​본 적립 혜택은 이벤트 대상 고객임을 안내받은 분만 참여가능합니다. ．​​이벤트 기간 내 회원가입 하신 경우에만 임시 포인트 이관 및 보상 혜택이 지급됩니다. ．​​​이벤트 안내 LMS 내 안내된 휴대전화번호 회원 가입 인증을 완료 하셔야 정상적으로 임시 포인트 이관 및 보상 혜택이 적용됩니다. ．​​보상 기간 종료 예정일인 2019년 4월 20일 (토) 자정 이후, 임시 적립된 포인트는 모두 소멸되며, 이에 대한 복원은 불가능합니다. ．​​이벤트 대상 여부 및 상세 혜택과 관련한 문의는 '야놀자 고객센터(1644-1346)'로 연락 주시면 안내 받으실 수 있습니다.", "19.03.21" ),
 ( 1, "무료권 응모 서비스 종료 안내", "안녕하세요. 야놀자입니다. 야놀자 서비스의 <무료권 응모 서비스>가 종료되어 공지 안내드립니다. 기존 야놀자 앱 > 'MY 야놀자' > ‘무료권’을 통해 응모할 수 있었던, <무료권 응모 서비스>가 다가오는 3월 26일 이후로 종료하게 되었습니다. 이에 아쉬운 작별의 인사를 드립니다. 종료 안내- 종료 예정일 : 3월 26일- 종료 서비스 : 무료권 응모 서비스- 기존 당첨자 안내 : ‘당첨자발표’ 페이지를 통해 안내확인 및 사용가능 앱 내 응모서비스 기능은 종료되지만, 기존에 응모하여 당첨되신 분들께서는 무료권 사용이 가능합니다. 야놀자 앱 >  ‘MY 야놀자’ > ‘당첨자 발표’에 가셔서 당첨안내확인을 통해 이용하실 수 있습니다. 그 동안 무료권 서비스를 이용해 주신 고객님들께 진심으로 감사드립니다.", "19.03.07" ),
 ( 1, "[공지] 서비스 정기점검 안내 (6/20 AM 03:00~07:00)", "안녕하세요. 야놀자입니다. 더욱 안정적인 서비스 제공을 위해 서버 정기점검을 아래와 같이 안내드립니다.   - 점검일시 안내6월 20일(목) 오전 3:00~7:00 (약 4시간)  - 점검범위 안내 야놀자 앱/웹 등 야놀자 서비스 전체 사용 불가 ​  서비스 이용에 불편을 드려 죄송합니다. 빠른 점검과 안정된 서비스로 찾아뵙겠습니다.  감사합니다.​ ​ ", "19.06.18" ),
 ( 1, "야놀자 웹서비스 통합 공지", "안녕하세요. 야놀자입니다. <야놀자 PC웹 업데이트로 인한 UI변경> 공지드립니다.​ 현재 야놀자 PC웹 화면이 Mobile웹과 동일한 화면으로 통합됩니다. 이에 기존 PC웹과 달라진 서비스를 공지드립니다. 신규 제공되는 서비스- 통합 이후부터 PC웹을 통해 '레저/티켓' 서비스 이용 및 결제가- 레저/티켓 결제 시 신용카드, 카카오페이, 스마일페이, 페이코, SSG페이 가능 (단, 국내숙소 신용카드, 카카오페이 제공)  변경되는 서비스 - 캐스트 서비스 노출이 종료되었습니다. 서비스 반영일 - 2019년 3월 13일(수) 오전 다시 한번 지속적인 서비스 이용에 감사드리며 더욱 나은 서비스로 찾아 뵙겠습니다. 감사합니다. ", "19.03.08" ),
 ( 1, "야놀자 서비스이용약관 개정 안내(2019.04.11)", "야놀자를 이용해주시는 회원 분들께 감사 드리며, 서비스이용약관이 아래와 같이 일부 변경되어 사전 안내 드립니다.1. 적용시기: 2019년 4월 11일(목)2. 주요 변경 내용- 회사는 회원의 서비스 이용 중 필요하다고 판단되는 다양한 마케팅 정보를 전자적 매체를 통해 발송할 수 있으며, 회원은 이에 동의하는 항목을 추가하였습니다.- 서비스에서 사용하는 용어의 정의가 개정되었습니다.- 서비스의 내용에 관한 조항을 구체화하여 이용약관을 좀 더 명확하게 개정하였습니다.​- 만 14세 아동의 서비스 이용 제한을 명확히 하였습니다.- 서비스 이용약관 개정에 대한 전문은 페이지 하단에서 확인하실 수 있습니다. ​3. 개정 전문서비스 이용약관※ 본 약관 내에는 영리목적 광고성 정보 수신동의에 관한 사항이 포함되어 있습니다. 제1장 총칙 제1조(목적) 이 약관(이하 “약관”이라 합니다)은 ㈜야놀자(이하 “회사”라 합니다)와 이용 고객(이하 “회원”이라 합니다)간에 회사가 제공하는 서비스(이하 “서비스”라 합니다)를 이용함에 있어 회원과 회사간의 권리, 의무 및 책임사항, 이용조건 및 절차 등 기본적인 사항을 규정함을 목적으로 합니다. 제2조(용어의 정의) 본 약관에서 사용되는 용어의 정의는 다음과 같습니다 - “서비스” : 회사가 제공하는 여가(숙박∙레저∙티켓∙클래스 등으로 이에 한정되지 않음) 관련 상품∙용역∙서비스 등(이하 “상품등”이라 합니다)에 대한 예약∙구매∙정보제공∙추천 등을 위한 온라인 플랫폼 서비스를 의미합니다. 서비스는 구현되는 장치나 단말기(PC, TV, 휴대형 단말기 등의 각종 유무선 장치를 포함하며 이에 한정되지 않음)와 상관 없이 야놀자 및 야놀자 관련 웹(Web)∙앱(App) 등의 제반 서비스를 의미하며, 회사가 공개한 API를 이용하여 제3자가 개발 또는 구축한 프로그램이나 서비스를 통하여 이용자에게 제공되는 경우를 포함합니다. 서비스는 여가 문화가 변하고 기술이 발전함에 따라 지속적으로 함께 변화∙성장해 나갑니다. - “회원” : 서비스에 접속하여 본 약관에 따라 회사와 이용계약을 체결하고 회사가 제공하는 서비스를 이용하는 고객을 말하며, 회원계정(ID/PW)을 생성하지 않은 일반 고객(일명 비회원 고객)도 포함됩니다. - “판매자” : 회사가 제공하는 서비스를 이용하여 자신의 상품∙용역∙서비스 등을 판매하는 자를 의미하며, 회사로부터 예약∙판매 대행, 광고 서비스 등을 제공받는 자를 말합니다. - “게시물” : 회원 및 이용 고객이 서비스에 게시 또는 등록하는 부호(URL 포함), 문자, 음성, 음향, 영상(동영상 포함), 이미지(사진 포함), 파일 등을 말합니다. - “쿠폰” : 회원이 서비스를 이용할 때 표시된 금액 또는 비율만큼 이용 금액을 할인 받을 수 있는 할인권∙우대권 등(온라인∙모바일∙오프라인 등 형태를 불문)를 말합니다. 쿠폰의 종류 및 내용은 회사의 정책에 따라 달라질 수 있습니다. - “포인트” : 회사가 회원의 서비스 이용에 따른 혜택 또는 서비스 이용상 편의를 위해 회원에게 제공하는 것으로서 서비스 내 상품 등 결제시 활용할 수 있는 수치화 된 가상의 데이터를 말합니다. 구체적인 이용 방법, 그 명칭(예: 마일리지 등) 및 현금 환급가능성 등은 회사의 정책에 따라 달라질 수 있습니다. 제3조(약관의 효력 및 변경) ① 본 약관은 서비스를 이용하고자 하는 모든 회원에 대하여 그 효력을 발생합니다. ② 본 약관은 회원이 서비스 가입 시 열람 할 수 있으며, 회사는 회원이 원할 때 언제든지 약관을 열람 할 수 있도록 회사 홈페이지 또는 앱 내에 게시합니다. ③ 회사는 『약관의 규제에 관한 법률』, 『전자상거래 등에서의 소비자보호에 관한 법률』, 『정보통신망 이용촉진 및 정보보호(이하 “정보통신망법”이라 합니다)』, , 『소비자기본법』, 『전자문서 및 전자거래 기본법』 등 관련법에 위배되지 않는 범위 내에서 본 약관을 개정할 수 있습니다. ④ 회사가 약관을 변경할 경우에는 적용일자, 변경사유를 명시하여 적용일로부터 7일 이전부터 공지합니다. 다만, 회원에게 불리한 약관 변경인 경우에는 그 적용일로부터 30일전부터 위와 같은 방법으로 공지하고, E-mail 등으로 회원에게 개별 통지합니다. 단, 회원의 연락처 미기재, 변경 후 미수정 등으로 인하여 개별 통지가 어려운 경우 공지를 개별 통지로 간주합니다. ⑤ 회사가 제4항에 따라 개정약관을 공지 또는 통지하면서, 회원에게 약관 변경 적용일 까지 거부의사를 표시하지 않으면 약관의 변경에 동의한 것으로 간주한다는 내용을 공지 또는 통지하였음에도 회원이 명시적으로 약관 변경에 대한 거부의사를 표시하지 아니하는 경우 회원이 개정약관에 동의한 것으로 간주합니다. ⑥ 회원은 변경된 약관에 동의하지 아니하는 경우 서비스의 이용을 중단하고 이용계약을 해지할 수 있습니다. ⑦ 회원은 약관 변경에 대하여 주의의무를 다하여야 하며, 변경된 약관의 부지로 인한 회원의 피해는 회사가 책임지지 않습니다. 제4조(약관 외 준칙 및 관련법령과의 관계) ① 본 약관 또는 개별약관에서 정하지 않은 사항은 『전기통신사업법』, 『전자문서 및 전자거래 기본법』, 『정보통신망 이용촉진 및 정보보호 등에 관한 법률』, 『전자상거래 등에서의 소비자보호에 관한 법률』, 『개인정보보호법』 등 관련 법의 규정 및 회사가 정한 서비스의 세부이용지침 등의 규정에 따릅니다. 또한 본 약관에서 정한 회사의 책임 제한 규정은 관련 법령이 허용하는 최대한도의 범위 내에서 적용됩니다. ② 회사는 필요한 경우 서비스 내의 개별항목에 대하여 개별약관 또는 운영원칙을 정할 수 있으며, 본 약관과 개별약관 또는 운영원칙의 내용이 상충되는 경우에는 개별약관 또는 운영원칙을 의 내용이 우선 적용됩니다. 제2장 이용계약의 체결 제5조(이용계약의 성립) 이용계약은 회원이 되고자 하는 자(이하 “가입신청자”)가 약관의 내용에 동의를 하고, 회사가 정한 가입 양식에 따라 회원정보를 기입하여 회원가입신청을 하고 회사가 이러한 신청에 대하여 승인함으로써 체결됩니다. 제6조(이용계약의 유보 및 거절) ① 회사는 다음 각 호에 해당하는 신청에 대하여는 승인 하지 않거나 사후에 이용계약을 해지할 수 있습니다. - 가입신청서의 내용을 허위로 기재하거나 기재누락∙오기가 있는 경우 - 다른 사람의 명의, E-mail, 연락처 등을 이용한 경우 - 관계법령에 위배되거나 사회의 안녕질서 또는 미풍양속을 저해할 목적으로 신청한 경우 - 가입신청자가 본 약관에 의하여 이전에 회원자격을 상실한 적이 있는 경우, 단 회사의 사전재가입 승낙을 얻은 경우에는 예외로 함 - 회원의 귀책사유로 인하여 승인이 불가능한 경우 - 이미 가입된 회원과 전화번호나 E-mail 정보가 동일한 경우 - 부정한 용도 또는 영리를 추구할 목적으로 본 서비스를 이용하고자 하는 경우 - 기타 본 약관에 위배되거나 위법 또는 부당한 이용신청임이 확인된 경우 및 회사가 합리적인 판단에 의하여 필요하다고 인정하는 경우 - 만 14세 미만의 아동이 신청할 경우 ② 제1항에 따른 신청에 있어 회사는 전문기관을 통한 휴대전화번호 인증 내지 실명확인을 통한 본인인증을 요청할 수 있습니다. ③ 회사는 아래 각 호에 해당하는 경우에는 회원등록의 승낙을 유보할 수 있습니다. - 제공서비스 설비용량에 현실적인 여유가 없는 경우 - 서비스를 제공하기에는 기술적으로 문제가 있다고 판단되는 경우 - 회사가 재정적, 기술적으로 필요하다고 인정하는 경우 - 제2항에 따른 실명확인 및 본인인증 절차를 진행 중인 경우 ④ 제1항과 제3항에 따라 회원가입신청의 승낙을 하지 아니하거나 유보한 경우, 회사는 승낙거절 또는 유보 사실을 가입신청자에게 회사가 정하는 방법에 따라 통지합니다. ⑤ 이용계약의 성립 시기는 회사가 ‘가입완료’ 사실을 신청절차 상에 표시하거나 별도로 통지한 시점으로 합니다. 제7조(회원 정보의 관리) ① 회원은 웹사이트 또는 앱 내에 구비된 정보수정 기능 내지 고객센터 등을 통해 개인정보를 열람∙변경∙수정 할 수 있습니다. ② 회원은 등록한 E-mail 주소 또는 연락처가 변경된 경우 회원정보의 최신성 유지를 위해 제1항에 따라 변경해야 하며 이를 변경하지 않아 발생 할 수 있는 모든 불이익은 회원이 부담합니다. 제8조(계정정보의 관리책임) ① 아이디, 비밀번호 등 계정정보의 관리책임은 회원에게 있으며, 회원은 계정정보를 타인에게 양도 내지 대여할 수 없습니다. ② 회사는 회사의 귀책사유로 인한 경우를 제외하고 계정정보의 유출, 양도, 대여, 공유 등으로 인한 손실이나 손해에 대하여 아무런 책임을 지지 않습니다. ③ 회원은 제3자가 본인의 계정을 사용하고 있음(대여 포함)을 인지한 경우에는 즉시 비밀번호를 수정하는 등의 조치를 취하고 이를 회사에 통보하여야 합니다. 회원이 본항에 따른 통지를 하지 아니하여 발생하는 모든 불이익에 대한 책임은 회원에게 있습니다. 제9조(회원정보의 수집과 보호) ① 회사는 서비스를 제공함에 있어 개인정보 관련 법령을 준수하고 그에 따라 회원 정보를 수집∙이용∙보관∙제공합니다. ② 회사는 회원이 서비스 이용 과정에서 직접 제공한 정보 외에도 개인정보 보호 등 관련 법령에서 정한 절차에 따라 그밖의 정보를 수집 및 이용 또는 제3자에게 제공할 수 있습니다. 이 경우 회사는 관련 법령에 따라 회원으로부터 필요한 동의를 받거나 관련 법령에서 정한 절차를 준수합니다. ③ 회사는 개인정보 보호 관련 법령이 정하는 바에 따라 회원의 개인정보를 보호하기 위해 노력하며, 회사의 개인정보 처리에 관한 자세한 사항은 개인정보처리방침을 통해 언제든지 확인할 수 있습니다. ④ 회사의 공식 사이트 또는 앱 이외에 링크된 사이트에서는 회사의 개인정보처리방침이 적용되지 않습니다. 링크된 사이트 및 서비스를 제공하는 제3자의 개인정보 처리에 대해서는 해당 사이트 및 제3자의 개인정보처리방침을 확인할 책임이 회원에게 있으며, 회사는 이에 대하여 책임을 부담하지 않습니다. 제3장 서비스 이용 제10조(서비스의 이용 개시) 회원은 회사가 이용신청을 승낙한 때부터 서비스를 사용할 수 있고 회사는 위 승낙한 때부터 본약관에 따라 서비스를 제공합니다. 제11조(서비스의 이용시간) ① 서비스는 회사의 업무상 또는 기술상 특별한 사유가 없는 한 연중무휴 1일 24시간 제공함을 원칙으로 합니다. 회사는 서비스를 일정범위로 분할하여 각 범위 별로 이용가능시간을 별도로 지정할 수 있습니다. ② 회사는 서비스의 제공에 필요한 경우 정기점검 내지 수시점검을 실시할 수 있으며, 정기점검 내지 수시점검 시간은 서비스제공화면에 공지한 바에 따릅니다. 제12조(서비스의 내용) ① 서비스는 제2조 제1호에서 정의한 바에 따라 회사가 회원에게 제공하는 여가 관련 온라인 플랫폼 서비스를 말합니다. 서비스는 현재 제공되는 상품등에 한정되지 않으며, 향후 추가로 개발되거나 다른 회사와의 제휴 등을 통해 추가∙변경∙수정될 수 있습니다. ② 회사는 회원 감소 등으로 인한 원활한 서비스 제공의 곤란 및 수익성 악화, 기술 진보에 따른 차세대 서비스로의 전환 필요성, 서비스 제공과 관련한 회사 정책의 변경 등 기타 상당한 이유가 있는 경우에 운영상, 기술상의 필요에 따라 제공하고 있는 전부 또는 일부 서비스를 변경 또는 중단할 수 있습니다. ③ 서비스의 내용, 이용방법, 이용시간에 대하여 변경 또는 서비스 중단이 있는 경우에는 변경 또는 중단될 서비스의 내용 및 사유와 일자 등은 그 변경 또는 중단 전에 회사 홈페이지 또는 서비스 내 공지사항 화면 등 회원이 충분히 인지할 수 있는 방법으로 30일의 기간을 두고 사전에 공지합니다. ④ 무료로 제공되는 서비스의 특성상 본조에 따른 서비스의 전부 또는 일부 종료 시 관련법령에서 특별히 정하지 않는 한 회원에게 별도의 보상을 하지 않습니다. ⑤ 서비스 이용에 관한 개별 안내, 상품등에 대한 정보, 예약시 유의사항, 취소∙환불정책 등은 개별 서비스 이용안내∙소개 등을 통해 제공하고 있습니다. ⑥ 회원은 전항의 안내∙소개 등을 충분히 숙지하고 서비스를 이용하여야 합니다. 회사는 통신판매중개자로서 통신판매의 당사자가 아니고, 판매자가 상품등 이용에 관한 이용정책이나 예약에 관한 취소∙환불정책을 별도로 운영하는 경우가 있을 수 있으므로, 회원은 상품등 이용 또는 예약시 반드시 그 내용을 확인해야 합니다. 회원이 이 내용을 제대로 숙지하지 못해 발생한 피해에 대해서는 회사가 책임을 부담하지 않습니다. 제13조(서비스의 변경 및 중지) ① 회사는 변경될 서비스의 내용 및 제공일자를 본 약관 제19조에서 정한 방법으로 회원에게 고지하고 서비스를 변경하여 제공할 수 있습니다. ② 회사는 다음 각 호에 해당하는 경우 서비스의 전부 또는 일부를 제한하거나 중지할 수 있습니다. - 회원이 회사의 영업활동을 방해하는 경우 - 시스템 정기점검, 서버의 증설 및 교체, 네트워크의 불안정 등의 시스템 운영상 필요한 경우 - 정전, 서비스 설비의 장애, 서비스 이용폭주, 기간통신사업자의 설비 보수 또는 점검∙중지 등으로 인하여 정상적인 서비스 제공이 불가능한 경우 - 기타 중대한 사유로 인하여 회사가 서비스 제공을 지속하는 것이 부적당하다고 인정하는 경우 - 기타 천재지변, 국가비상사태 등 불가항력적 사유가 있는 경우 ③ 제2항에 의한 서비스 중단의 경우 회사는 제21조에서 정한 방법으로 회원에게 통지합니다. 다만, 회사가 통제할 수 없는 사유로 인한 서비스의 중단(운영자의 고의∙과실이 없는 장애, 시스템다운 등)으로 인하여 사전 통지가 불가능한 경우에는 그러하지 아니합니다. ④ 회사는 제2항에 따른 서비스의 변경, 중지로 발생하는 문제에 대해서 어떠한 책임도 지지 않습니다. 제14조(정보 제공 및 광고의 게재) ① 회사가 회원에게 서비스를 제공할 수 있는 서비스 투자기반의 일부는 광고 게재를 통한 수익으로부터 나옵니다. 이에 회원은 서비스 이용 시 서비스 화면 상 노출되는 광고 게재에 대해 동의합니다. ② 회사는 회원의 게시물 내용, 검색 내용 뿐만 아니라 언어, 쿠키 및 기기정보, IP 주소, 브라우저 유형, 운영체제 및 요청 일시와 같은 표준 로그 정보 등을 활용한 맞춤광고를 제공합니다. 이에 대한 자세한 사항은 개인정보처리방침을 참고하시기 바랍니다. ③ 회원이 서비스상에 게재되어 있는 광고를 이용하거나 서비스를 통한 광고주의 판촉활동에 다른 상품등을 이용하는 경우, 이는 전적으로 회원과 광고주 간의 법률관계이므로, 그로 인해 발생한 회원과 광고주간 분쟁 등 제반 문제는 회원과 광고주간에 직접 해결하여야 하며, 이와 관련하여 회사는 어떠한 책임도 지지 않습니다. ④ 회사는 회원으로부터 수집한 개인정보를 통해 회원의 서비스 이용 중 필요하다고 판단되는 다양한 마케팅 정보를 SMS(LMS), 스마트폰 알림 (Push 알림), E-mail 등을 활용하여 발송할 수 있으며, 회원은 이에 동의합니다. 다만, 회원은 거래관련정보 및 고객문의 등에 대한 답변을 제외하고 관련법에 따라 언제든지 마케팅 수신 동의를 철회하실 수 있으며, 이 경우 회사는 전단의 마케팅 정보 등을 제공하는 행위를 중단합니다(단, 시스템 반영에 시차가 있을 수 있음). 제15조(게시물에 대한 권리) ① 게시물의 저작권은 회원에게 있습니다. 다만 회사는 게시∙전달∙공유 목적으로 회원이 작성한 게시물을 이용∙편집∙수정하여 이용할 수 있고, 회사의 다른 서비스 또는 연동채널∙판매채널에 이를 게재하거나 활용할 수 있습니다. ② 회사가 서비스 내 게재 이외의 목적으로 게시물을 사용할 경우 게시물에 대한 게시자를 반드시 명시해야 합니다. 단, 게시자를 알 수 없는 익명 게시물이나 비영리적인 경우에는 그러하지 아니합니다. ③ 회원은 게시물을 작성할 때 타인의 저작권 등 지식재산권을 포함하여 여타 권리를 침해하지 않아야 하고, 회사는 그에 대한 어떠한 책임도 부담하지 않습니다. 만일 회원이 타인의 권리 등을 침해하였음을 이유로 타인이 회사를 상대로 이의신청, 손해배상청구, 삭제요청 등을 제기한 경우 회사는 그에 필요한 조치를 취할 수 있으며, 그에 따른 모든 비용이나 손해배상책임은 회원이 부담합니다. ④ 회사는 회원이 이용계약을 해지하고 사이트를 탈퇴하거나 적법한 사유로 해지된 경우 해당 회원이 게시하였던 게시물을 삭제할 수 있습니다. ⑤ 회원이 작성한 게시물에 대한 모든 권리 및 책임은 이를 게시한 회원에게 있으며, 회사는 회원이 게시하거나 등록한 게시물이 다음 각 호에 해당한다고 판단되는 경우에 사전통지 없이 삭제 또는 임시조치할 수 있고, 이에 대하여 회사는 어떠한 책임도 지지 않습니다. - 다른 회원 또는 제3자를 비방하거나 명예를 손상시키는 내용인 경우 - 공공질서 및 미풍양속에 위반되는 내용을 유포하거나 링크시키는 경우 - 불법복제 또는 해킹을 조장하는 내용인 경우 - 회사로부터 사전 승인 받지 않고 상업광고, 판촉 내용을 게시하는 경우 - 개인 간 금전거래를 요하는 경우 - 범죄적 행위에 결부된다고 인정되는 경우 - 회사의 저작권, 제3자의 저작권 등 기타 권리를 침해하는 내용인 경우 - 타인의 계정정보, 성명 등을 무단으로 도용하여 작성한 내용이거나, 타인이 입력한 정보를 무단으로 위변조한 내용인 경우 - 사적인 정치적 판단이나 종교적 견해의 내용으로 회사가 서비스 성격에 부합하지 않는다고 판단하는 경우 - 동일한 내용을 중복하여 다수 게시하는 등 게시의 목적에 어긋나는 경우 - 회사에서 규정한 게시물 원칙에 어긋나거나, 게시물을 작성하는 위치에 부여된 성격에 부합하지 않는 경우 - 사업주 변경 또는 인테리어 공사 등에 따른 권리자(사업주)의 게시물 중단 또는 삭제 요청이 있는 경우- 기타 관계법령에 위배된다고 판단되는 경우 ⑥ 회원의 게시물이 정보통신망법 및 저작권법 등 관련법에 위반되는 내용을 포함하는 경우, 권리자는 관련법이 정한 절차에 따라 해당 게시물의 게시중단 및 삭제 등을 요청할 수 있으며, 회사는 관련법에 따라 조치를 취하여야 합니다. ⑦ 회사는 본조 제2항에 따른 권리자의 요청이 없는 경우라도 권리침해가 인정될 만한 사유가 있거나 기타 회사 정책 및 관련법에 위반되는 경우에는 관련법에 따라 해당 게시물에 대해 임시조치 등을 취할 수 있습니다. ⑧ 본 조에 따른 세부절차는 정보통신망법 및 저작권법이 규정한 범위 내에서 회사가 정한 게시중단요청서비스에 따릅니다. - 게시중단요청 : help@yanolja.com 제16조(권리의 귀속) ① 서비스에 대한 저작권 및 지식재산권은 회사에 귀속됩니다. 단, 게시물 및 제휴계약에 따라 제공된 저작물 등은 제외합니다. ② 회사가 제공하는 서비스의 디자인, 회사가 만든 텍스트, 스크립트(script), 그래픽, 회원 상호간 전송 기능 등 회사가 제공하는 서비스에 관련된 모든 상표, 서비스 마크, 로고 등에 관한 저작권 기타 지적재산권은 대한민국 및 외국의 법령에 기하여 회사가 보유하고 있거나 회사에게 소유권 또는 사용권이 있습니다. ③ 회원은 본 이용약관으로 인하여 서비스를 소유하거나 서비스에 관한 저작권을 보유하게 되는 것이 아니라, 회사로부터 서비스의 이용을 허락 받게 되는바, 서비스는 정보취득 또는 개인용도로만 제공되는 형태로 회원이 이용할 수 있습니다. ④ 회원은 명시적으로 허락된 내용을 제외하고는 서비스를 통해 얻어지는 회원 상태정보를 영리 목적으로 사용, 복사, 유통하는 것을 포함하여 회사가 만든 텍스트, 스크립트, 그래픽의 회원 상호간 전송기능 등을 복사하거나 유통할 수 없습니다. ⑤ 회사는 서비스와 관련하여 회원에게 회사가 정한 이용조건에 따라 계정, ID, 콘텐츠 등을 이용할 수 있는 이용권만을 부여하며, 회원은 이를 양도, 판매, 담보제공 등의 처분행위를 할 수 없습니다. ⑥ 회원은 서비스를 이용하는 과정에서 얻은 정보를 회사의 사전 승낙 없이 복제, 송신, 출판, 배포, 방송, 편집, 재가공 등 기타 방법에 의하여 영리 목적으로 이용하거나 제3자에게 이용하게 하여서는 안됩니다. 제17조(포인트) ① 포인트는 회사의 정책에 따라 회원에게 부여되며, 포인트별 적립기준, 사용방법, 사용기한 및 제한에 관한 사항은 별도로 공지하거나 통지합니다. 단, 포인트 사용기한에 대해 별도로 안내하지 않은 경우에는 1년으로 봅니다. ② 포인트는 사용기한 동안 사용되지 않거나 회원 탈퇴 또는 자격상실 사유가 발생한 경우 자동으로 소멸됩니다. 회원 탈퇴 내지 자격상실로 포인트가 소멸된 경우 재가입하더라도 소멸된 포인트는 복구되지 않습니다. ③ 회원은 회사가 별도로 명시한 경우를 제외하고는 포인트를 제3자에게 양도 할 수 없습니다. 만일 회원이 회사가 승인하지 않은 방법으로 포인트 획득/이용한 사실이 확인될 경우 회사는 포인트를 사용한 예약 신청을 취소하거나 회원 자격을 정지 또는 해지할 수 있습니다. ④ 포인트 관련 회사의 정책은 회사의 영업정책에 따라 변동될 수 있습니다. 회원에게 불리한 변경인 경우에는 제3조의 규정에 따라 공지 또는 통지하며 서비스 계속 이용시 동의한 것으로 간주됩니다. 제18조(쿠폰) ① 쿠폰은 회사가 유상 또는 무상으로 발행하는 쿠폰으로 발행대상, 발행경로, 사용대상 등에 따라 구분될 수 있으며, 쿠폰의 세부구분, 할인금액(할인율), 사용방법, 사용기간 및 제한에 대한 사항은 쿠폰 또는 서비스 화면에 표시됩니다. 쿠폰의 종류 및 내용과 발급여부에 관하여는 회사의 영업정책에 따라 달라질 수 있습니다. ② 쿠폰은 현금으로 출금될 수 없으며, 쿠폰에 표시된 사용기간이 만료되거나 이용계약이 종료되면 소멸합니다. ③ 예약거래가 취소될 경우 예약에 이용된 쿠폰은 회사의 정책에 따라 환원 여부가 결정되며 자세한 사항은 유선 고지 내지 예약서비스 화면을 통해 안내됩니다. ④ 회원은 회사가 별도로 명시한 경우를 제외하고는 쿠폰을 제3자에게 또는 다른 아이디로 양도 할 수 없으며 유상으로 거래하거나 현금으로 전환 할 수 없습니다. 만일 회원이 회사가 승인하지 않은 방법으로 부정한 방법으로 쿠폰을 획득/이용한 사실이 확인될 경우 회사는 회원의 쿠폰을 사용한 예약 신청을 취소하거나 회원 자격을 정지 또는 해지할 수 있습니다. ⑤ 쿠폰 관련 회사의 정책은 회사의 영업정책에 따라 변동될 수 있습니다. 회원에게 불리한 변경인 경우에는 제3조의 규정에 따라 공지 또는 통지하며 서비스 계속 이용시 동의한 것으로 간주됩니다. 제4장 계약당사자의 의무 제19조(회사의 의무) ① 회사는 관련법과 본 약관이 금지하거나 미풍양속에 반하는 행위를 하지 않으며, 계속적이고 안정적으로 서비스를 제공하기 위하여 최선을 다하여 노력합니다. ② 회사는 회원이 안전하게 서비스를 이용할 수 있도록 개인정보보호를 위해 보안시스템을 갖추어야 하며 개인정보처리방침을 공시하고 준수하며, 회원의 개인정보를 본인의 승낙 없이 제3자에게 누설, 배포하지 않고, 이를 보호하기 위하여 노력합니다. ③ 회사는 서비스이용과 관련하여 회원으로부터 제기된 의견이나 불만이 정당하다고 인정할 경우에는 그에 필요한 조치를 취하여야 합니다. ④ 회사가 제공하는 서비스로 인하여 회원에게 손해가 발생한 경우 그러한 손해가 회사의 고의나 과실에 의해 발생한 경우에 한하여 회사에서 책임을 부담하며, 그 책임의 범위는 통상손해에 한합니다. 제20조(회원의 의무) ① 회원은 기타 관계 법령, 본 약관의 규정, 이용안내 및 서비스상에 공지한 주의사항, 회사가 통지하는 사항 등을 준수하여야 하며, 기타 회사의 업무에 방해되는 행위를 하여서는 아니 됩니다. ② 회원은 서비스의 이용권한, 기타 서비스 이용계약상의 지위를 타인에게 양도, 증여할 수 없으며 이를 담보로 제공할 수 없습니다. ③ 회원은 서비스 이용과 관련하여 다음 각 호의 행위를 하여서는 안됩니다. - 서비스 신청 또는 변경 시 허위내용을 등록하는 행위 - 다른 회원의 아이디 및 비밀번호를 도용하여 부당하게 서비스를 이용하거나, 정보를 도용하는 행위 - 타인의 계좌번호 및 신용카드번호 등 타인의 허락 없이 타인의 결제정보를 이용하여 회사의 유료서비스를 이용하는 행위 - 정당한 사유 없이 당사의 영업을 방해하는 내용을 기재하는 행위 - 회사가 게시한 정보를 변경하는 행위 - 회사가 정한 정보 이외의 정보(컴퓨터 프로그램 등) 등을 송신 또는 게시하는 행위 - 회사와 기타 제3자의 저작권 등 지적재산권을 침해하는 행위 - 회사 및 기타 제3자의 명예를 손상시키거나 업무를 방해하는 행위 - 외설 또는 폭력적인 메시지, 화상, 음성 기타 공공질서 미풍양속에 반하는 정보를 공개 또는 게시하는 행위 - 회사의 동의 없이 영리를 목적으로 서비스를 사용하는 행위 - 회사의 직원이나 서비스의 관리자를 가장하거나 사칭하여 또는 타인의 명의를 도용하여 글을 게시하거나 메일을 발송하는 행위 - 서비스와 관련된 설비의 오동작이나 정보 등의 파괴 및 혼란을 유발시키는 컴퓨터 바이러스, 기타 다른 컴퓨터 코드, 파일, 프로그램 자료를 등록 또는 유포하는 행위 - 회사가 제공하는 소프트웨어 등을 개작하거나 리버스 엔지니어링, 디컴파일, 디스어셈블 및 기타 일체의 가공행위를 통하여 서비스를 복제, 분해 또는 모방 기타 변형하는 행위 - 자동 접속 프로그램 등을 사용하는 등 정상적인 용법과 다른 방법으로 서비스를 이용하여 회사의 서버에 부하를 일으켜 회사의 정상적인 서비스를 방해하는 행위 - 다른 회원의 개인정보를 그 동의 없이 수집, 저장, 공개하는 행위 - 기타 불법적이거나 회사에서 정한 규정을 위반하는 행위 ④ 회사는 회원이 제1항의 행위를 하는 경우 해당 게시물 등을 삭제 또는 임시 삭제할 수 있으며 서비스의 이용을 제한하거나 일방적으로 본 계약을 해지할 수 있습니다. ⑤ 회원은 회원정보, 계정정보에 변경이 있는 경우 제7조에 따라 이를 즉시 변경하여야 하며, 더불어 비밀번호를 철저히 관리하여야 합니다. 회원의 귀책으로 말미암은 관리소홀, 부정사용 등에 의하여 발생하는 모든 결과에 대한 책임은 회원 본인이 부담하며, 회사는 이에 대한 어떠한 책임도 부담하지 않습니다.⑥ 민법상 미성년자인 회원이 유료 서비스를 이용 할 경우 미성년자인 회원은 결제 전 법정대리인의 동의를 얻어야 하며, 만 14세 미만 아동의 경우 본 서비스를 이용할 수 없습니다. ⑦ 회원은 회사에서 공식적으로 인정한 경우를 제외하고는 서비스를 이용하여 상품을 판매하는 영업 활동을 할 수 없으며, 특히 해킹, 광고를 통한 수익, 음란사이트를 통한 상업행위, 상용소프트웨어 불법배포 등을 할 수 없습니다. 이를 위반하여 발생한 영업 활동의 결과 및 손실, 관계기관에 의한 구속 등 법적 조치 등에 관해서는 회사가 책임을 지지 않으며, 회원은 이와 같은 행위와 관련하여 회사에 대하여 손해배상 의무를 집니다. 제21조(회원에 대한 통지) ① 회사가 회원에 대한 통지를 하는 경우 본 약관에 별도 규정이 없는 한 회원이 기재한 E-mail로 할 수 있습니다. ② 회사는 불특정 다수 회원에 대한 통지의 경우 서비스 게시판 등에 게시함으로써 개별 통지에 갈음할 수 있습니다. 제22조(서비스 이용 해지) ① 회원이 이용계약을 해지하고자 하는 때에는 사이트 또는 앱을 통해 안내된 해지방법에 따라 해지를 신청할 수 있습니다. ② 회사는 등록 해지신청이 접수되면 회원이 원하는 시점에 해당 회원의 서비스 이용을 해지하여야 합니다. ③ 회원이 계약을 해지할 경우, 관련법 및 개인정보처리방침에 따라 회사가 회원정보를 보유할 수 있는 경우를 제외하고 회원의 개인정보는 해지 즉시 삭제됩니다. 제23조(서비스 이용 제한) ① 회사는 이용제한정책에서 정하는 바에 따라 회원이 본 약관상 의무를 위반하거나 서비스의 정상적인 운영을 방해한 경우, 경고∙일시적 이용정지∙영구적 이용정지 등의 단계로 서비스 이용을 제한하거나 이용계약을 해지할 수 있습니다. 단, 회원에게 제6조 제1항의 사유가 있음이 확인되거나 회원이 서비스 이용과 관련하여 불법행위를 하거나 조장∙방조한 경우에는 즉시 영구적 이용정지 조치 또는 이용계약 해지를 할 수 있습니다. ② 회사는 회원이 계속해서 1년 이상 서비스를 이용하지 않은 경우에는, 정보통신망법에 따라 필요한 조치를 취할 수 있고, 회원정보의 보호 및 운영의 효율성을 위해 이용을 제한할 수 있습니다. ③ 본 조에 따라 서비스 이용을 제한하거나 계약을 해지하는 경우에는 회사는 제19조에 따라 회원에게 통지합니다. ④ 회원은 본조에 따른 서비스 이용정지 기타 서비스 이용과 관련된 이용제한에 대해 회사가 정한 절차에 따라 이의신청을 할 수 있으며, 회사는 회원의 이의신청이 정당하다고 판단되는 경우 즉시 서비스 이용을 재개합니다. 제5장 기타 제24조(손해 배상) ① 회원이 본 약관의 규정을 위반함으로 인하여 회사에 손해가 발생하게 되는 경우, 본 약관을 위반한 회원은 회사에 발생하는 모든 손해를 배상하여야 합니다. ② 회원이 서비스를 이용하는 과정에서 행한 불법행위나 본 약관 위반행위로 인하여 회사가 당해 회원 이외의 제3자로부터 손해배상 청구 또는 소송을 비롯한 각종 이의제기를 받는 경우 당해 회원은 자신의 책임과 비용으로 회사를 면책 시켜야 하며, 회사가 면책되지 못한 경우 당해 회원은 그로 인하여 회사에 발생한 모든 손해를 배상하여야 합니다. 제25조(면책사항) ① 회사는 천재지변 또는 이에 준하는 불가항력으로 인하여 서비스를 제공할 수 없는 경우에는 서비스 제공에 관한 책임이 면책됩니다. ② 회사는 회원의 귀책사유로 인한 서비스의 이용장애에 대하여 책임을 지지 않습니다. ③ 회사는 회원이 서비스를 이용하여 기대하는 수익을 상실한 것에 대하여 책임을 지지 않으며 그 밖에 서비스를 통하여 얻은 자료로 인한 손해 등에 대하여도 책임을 지지 않습니다. 회사는 회원이 게재한 게시물(이용후기, 숙소평가 등 포함)의 정확성 등 내용에 대하여는 책임을 지지 않습니다. ④ 회사는 회원 상호간 또는 회원과 제3자 상호간에 서비스를 매개로 발생한 분쟁에 대해서는 개입할 의무가 없으며 이로 인한 손해를 배상할 책임도 없습니다. ⑤ 상품등은 판매자의 책임 하에 관리∙운영되고, 회사는 통신판매중개자로서 서비스 운영 상의 문제를 제외한 상품등의 하자∙부실 등으로 인한 책임은 판매자에게 귀속되며 회사는 어떠한 책임도 부담하지 않습니다. ⑥ 회사는 제3자가 서비스 내 화면 또는 링크된 웹사이트를 통하여 광고한 제품 또는 서비스의 내용과 품질에 대하여 감시할 의무가 없으며 그로 인한 어떠한 책임도 지지 아니합니다. ⑦ 회사는 회사 및 회사의 임직원 그리고 회사 대리인의 고의 또는 중대한 과실이 없는 한 다음 각 호의 사항으로부터 발생하는 손해에 대해 책임을 지지 아니합니다. - 회원정보 등의 허위 또는 부정확성에 기인하는 손해 - 서비스에 대한 접속 및 서비스의 이용과정에서 발생하는 개인적인 손해 - 서버에 대한 제3자의 모든 불법적인 접속 또는 서버의 불법적인 이용으로부터 발생하는 손해 - 서버에 대한 전송 또는 서버로부터의 전송에 대한 제3자의 모든 불법적인 방해 또는 중단행위로부터 발생하는 손해 - 제3자가 서비스를 이용하여 불법적으로 전송, 유포하거나 또는 전송, 유포되도록 한 모든 바이러스, 스파이웨어 및 기타 악성 프로그램으로 인한 손해 - 전송된 데이터의 오류 및 생략, 누락, 파괴 등으로 발생되는 손해 - 회원간의 회원 상태정보 등록 및 서비스 이용 과정에서 발생하는 명예훼손 기타 불법행위로 인한 각종 민∙형사상 책임 제26조(분쟁 조정 및 관할법원) 본 약관과 회사와 회원간에 발생한 분쟁 등에 관하여는 대한민국 법령이 적용되며, 회사의 주소지를 관할하는 법원을 관할법원으로 합니다. * 부 칙 1. 본 약관은 2019년 4월 11일부터 시행됩니다.​​* 부 칙 1. 본 약관은 2018년 7월 1일부터 시행됩니다. ​* 부 칙 1. 본 약관은 2017년 11월 16일부터 시행됩니다. ​* 부 칙 1. 본 약관은 2017년 6월 26일부터 시행됩니다. ​* 부 칙 1. 본 약관은 2017년 3월 21일부터 시행됩니다. ​* 부 칙 1. 본 약관 개정 전에 서비스 내 부속으로 존재했던 “캐스트 이용약관”, “숙박 이용약관”, “여행 이용약관”, “커뮤니티 이용약관”, “프랜차이즈 이용약관”은 본 이용약관으로 갈음합니다. - 제정일자 : 2015년 10월 21일 - 시행일자 : 2015년 11월 1일 (주)야놀자는 더 나은 서비스 제공을 위해 항상 최선을 다하겠습니다. 앞으로도 지속적인 서비스 이용과 관심 부탁드립니다.", "19.03.12" ),
 ( 1, "오프라인 방문 QR 인증 서비스 종료 안내", "먼저 오랜 기간동안 <오프라인 방문 QR 인증 서비스>를 이용해주신 고객 여러분께 감사의 인사를 드립니다.저희 야놀자는 보다 높은 혜택 강화를 목표로 삼아, 2016년 6월 본 서비스를 시작하였습니다.전국의 야놀자 제휴점을 방문 후 QR코드를 통한 인증 고객께 소정의 포인트 혜택을 제공한 서비스로,이를 통해 약 2년 8개월간 월 평균 15,000회 이상의 유효 인증을 이룰 수 있었습니다.오랜기간 야놀자와 함께 서비스 성장에 함께 해주신 고객 여러분의 깊은 성원에 감사 드립니다.야놀자는 보다 편리한 온라인 예약 서비스 강화와 이에 대한 혜택 서비스 개선을 위해,부득이하게 본 <오프라인 방문 QR 인증 서비스>의 종료를 결정하게 되었음을 안내 드립니다.​종료 안내 ．​​서비스 종료 전까지 로그인 하셔야 정상적으로 포인트 전환 적립이 처리됩니다.​  비회원 인증에 따른 포인트 전환 적립 안내회원가입 전 오프라인 인증을 통해 임시 포인트를 적립하신 경우,인증일로부터 1년 이내 회원가입 및 로그인 시점에 실제 포인트를 지급 받으실 수 있습니다. 서비스 종료와 별개로 전환 가능 대상 고객에 한해 별도 안내드릴 예정입니다.  평생회원 추가 적립 안내서비스 일괄 종료에 따른 별도의 보상안을 안내 드립니다.상세한 내용은 다음 공지사항에서 확인 부탁 드립니다.  → <평생회원> 서비스 종료 안내 확인하기  다시 한번 야놀자의 <오프라인 방문 QR 인증 서비스> 이용에 감사 드리며, 보다 높은 가치와 혜택을 담아 새로운 서비스로 찾아 뵙겠습니다. ", "19.02.18" ),
 ( 1, "평생회원 서비스 종료 안내", "안녕하세요. 야놀자입니다. <평생회원 서비스 종료>에 관한 안내 드립니다. 오프라인 할인카드로 시작한 <평생회원 서비스>는 온라인 예약 서비스 확장에 맞춰, <오프라인 방문 QR 인증 서비스>의 추가 적립 혜택을 통해 온라인 예약 시 사용 가능한 형태로 발전되어 왔습니다.오랜기간 야놀자와 함께 서비스 성장에 기여해주신 평생회원 서비스 가입 고객 여러분께 감사 드립니다. 본 서비스는 연 단위 갱신을 통한 서비스 유지가 약정되어 있었으나, 별도 갱신 신청이 없는 경우에도 고객님의 편의를 위해 기존과 동일한 서비스 혜택을 제공해 오고 있었습니다.  그러나 야놀자는 온라인 예약서비스 혜택을 강화하고 보다 나은 서비스로 더 큰 도약을 준비하고자, 그동안 오프라인 중심의 서비스로 유지해온 <평생회원 서비스>의 종료 결정을 사전 안내 드립니다.  종료 안내 ．​​​종료 예정일시 : 2019년 3월 20일(수) 자정 ．​​​이용자의 개인정보 파기 : 서비스 종료 후, 지체없이 파기 - <평생회원 서비스>를 제외한 야놀자 이용을 위해 별도 동의해주신 정보는 그 목적 범위 내에서 이용 및 활용됩니다. - 법령에 따라, 별도 보관되는 정보 또한 파기 대상에서 제외됩니다. 또한 유료 가입 서비스의 종료 결정으로 인해, 전체 서비스 가입고객께 일괄 보상 혜택을 제공합니다. 보상 혜택 안내 ．​​​대상 : 평생회원 인증 야놀자 계정 ．​​​보상 내용 : 야놀자 포인트 10,000P 일괄 - 지급 즉시 사용 가능 - 지급일로부터 1년간 사용 가능 ．​​​포인트 지급일 : 2019년 4월 1일(월) 16시 유의사항 ．​​​회원카드 실물 보유 여부와 관계없이, 카드 인증이 완료된 계정에 임의 지급됩니다. ．​​​지급된 보상 포인트의 계정간 이관 처리는 불가능합니다. - 단, <평생회원> 인증 계정과 실 사용 계정이 상이한 경우, 기존 계정에 인증된 회원카드의 일련번호와 동일한 실물카드의 보유 여부를 별도 인증 하셔야만 포인트의 이관 처리가 가능합니다. ．​​​지급된 포인트는 통상 유효기간인 지급일로부터 1년간 사용 가능하며, 만료 이후 특정일에 소멸처리 됩니다.  다시 한번 지속적인 서비스 애용에 감사 드리며, 보다 높은 가치와 혜택을 담아 새로운 서비스로 찾아 뵙겠습니다. 감사합니다.​ ", "19.02.18" ),
 ( 1, "야놀자 개인정보처리방침 개정 공지(2019.04.11)", "2. 제3조의 '수집∙이용 목적' 및 '항목'을 좀 더 명확히 하고, '판매자' 내용을 삭제하였습니다.3. 제5조의 '제공 목적' 및 '항목'을 좀 더 명확히 하였습니다.앞으로도 지속적인 서비스 이용과 관심 부탁드립니다.", "19.04.11" ),
 ( 1, "야놀자 개인정보처리방침 개정 공지(2019.01.01)", "안녕하세요. 야놀자입니다.보다 나은 서비스 제공을 위해 야놀자의 개인정보처리방침이 다음과 같이 변경됨을 알려 드립니다.▶ 개인정보처리방침 변경 및 시행일 : 2019년 1월 1일▶ 개인정보처리방침 변경 내용변경 전변경 후제 5 조 (개인정보의 제3자 제공에 대한 동의)제공받는 자제공 목적제공 항목이용 및 보유기간숙박서비스 제공업체[모텔 업체 리스트][펜션 업체 리스트]생략예약한 숙박서비스의 이용자 정보(예약자명, 휴대폰번호)생략㈜레저큐생략구매자 및 수취인 정보(이름, 휴대폰번호)생략㈜봉봉랩호텔예약 제휴예약자명, 휴대폰번호계약 종료 시까지 또는 회원 탈퇴 시까지. 단, 법령이 정한 시점까지 보존㈜지냄생략예약자명, 휴대폰번호생략제 5 조 (개인정보의 제3자 제공에 대한 동의)제공받는 자제공 목적제공 항목이용 및 보유기간숙박서비스 제공업체[모텔 업체 리스트][펜션 업체 리스트][호텔 업체 리스트]생략예약번호, 예약한 숙박서비스의 이용자 정보(예약자명, 휴대폰번호)생략㈜레저큐생략예약번호, 구매자 및 수취인 정보(이름, 휴대폰번호)생략(삭제)(삭제)(삭제)(삭제)Travelscape LLC(미국, support@ean.com)서비스 제공, 이용자 확인예약번호, 이용자 명, 아동 나이(17세 이하. 아동이 있는 경우에 한함)계약 종료 시까지 또는 회원 탈퇴 시까지. 단, 법령이 정한 시점까지 보존Rakuten LIFULL STAY, Inc(일본, +81 50 3684 6895)서비스 제공, 이용자 확인예약번호, 이용자 명계약 종료 시까지 또는 회원 탈퇴 시까지. 단, 법령이 정한 시점까지 보존㈜지냄생략예약번호, 예약자명, 휴대폰번호생략(신설)제 9 조 (맞춤형 광고 안내)당사는 고객님의 웹사이트 방문기록, 검색 기록, 앱 사용 기록 등의 행태정보를 기반으로 고객님께 최적화된 맞춤형 서비스 및 혜택을 제공해드리기 위해 노력하고 있습니다.고객님께 무의미하고 불필요한 광고 노출을 지양하고, 고객님의 관심 및 흥미 등을 반영한 정보성 광고 노출을 증가시키기 위하여 활용 방송통신위원회의 ‘온라인 맞춤형 광고 개인정보보호 가이드라인’ 준수하고자 본 맞춤형 광고 안내를 드립니다.방송통신위원회 가이드라인과 본 안내에서 사용된 용어의 정의는 아래와 같습니다.- 온라인 행태정보: 웹 사이트 방문이력, 앱 사용 이력, 구매 및 검색 이력 등 이용자의 관심, 흥미, 기호 및 성향 등을 파악하고 분석할 수 있는 온라인상의 이용자 활동정보- 온라인 맞춤형 광고: 행태정보를 처리하여 이용자의 관심, 흥미, 기호 및 성향 등을 분석/추정한 후 이용자에게 맞춤형으로 제공되는 온라인 광고1. 행태정보 수집ㆍ이용 안내위 행태정보는 서비스 이용 과정에서 자동으로 수집 및 저장되며,개인 식별이 불가능한 상태에서 활용하는 등 개인정보와 결합하여 사용하지 않습니다.행태정보 수집은 서비스 이용 과정에서 자동 생성되어 저장되는 형태입니다.아울러 당사가 수집하는 행태정보 외에 제휴사(광고사업자)에 의해 고객님의 웹사이트 방문기록, 검색 기록, 앱 사용 기록 등이 수집되어 질 수 있으며, 운영현황은 다음과 같습니다.행태정보의 수집ㆍ처리 광고 사업자수집하는 행태정보 항목행태정보 수집 방법행태정보 수집 목적행태정보 보유ㆍ이용 기간 및 이후 정보처리 방법㈜야놀자, Tune이용자의 웹사이트 방문이력, 이용자의 앱 사용 이력, 이용자의 검색 이력, 광고식별자이용자의 웹/앱 사이트 방문/실행 시 자동 수집사용자 관심 기반의 맞춤형 광고 제공웹/앱 사이트 방문 정보 2년, 상품검색 정보 2년2. 행태정보 제공 안내당사는 고객님의 비식별 광고ID 기반의 웹사이트 방문기록, 검색 기록, 앱 사용 기록 등의 행태정보를 제휴사(광고사업자)에 제공할 수 있으며, 운영 현황은 다음과 같습니다.행태정보를 제공받는 자제공하는 행태정보의 항목행태정보를 제공받는 자의 이용목적Tune, 이엠넷, 매드잇이용자의 웹사이트 방문이력, 이용자의 앱 사용 이력, 이용자의 검색 이력, 광고식별자사용자 관심 기반의 맞춤형 광고 제공3. 고객(이용자) 통제권 행사 방법당사의 온라인 맞춤형 광고는 고객에게 적절한 광고를 제공하기 위해 모바일 앱에서 광고 식별자(Advertiser id)를 사용합니다.광고 식별자는 모바일 운영체제에서 발급하는 ID로 맞춤형 정보나 광고를 제공하기 위해 사용되는 식별자입니다. 이용자는 맞춤형 광고 수신 여부를 선택할 수 있으며,아래의 방법으로 언제든지 각 OS에서 맞춤형 광고 설정을 해제할 수 있습니다.가. 안드로이드 ① 구글 설정 → ② 광고 → ③ 광고 맞춤설정 선택 해제 ON/OFF나. iOS ① 아이폰 설정 → ② 개인정보보호 → ③ 광고 → ④ 광고 추적 제한 ON/OFF4. 고객(이용자) 피해구제 방법본 데이터 정책에 대한 문의 또는 불만사항 등이 있으실 경우, 아래로 연락 주시면 적극적으로 대응 및 회신하겠습니다.이름: 엄태욱(CPO)전화: 1644-1346이메일: privacy@yanolja.com제 9 조 (링크사이트)제 10 조 (링크사이트)제 10 조 (개인정보의 위탁처리)수탁 업체위탁 업무 내용㈜엘지유플러스, ㈜카카오페이, 갤럭시아커뮤니케이션즈㈜, 엔에이치엔한국사이버결제㈜, 엔에이치엔페이코㈜, 네이버㈜(생략)㈜엘지유플러스, ㈜다우기술, 세종텔레콤㈜, 씨제이올리브네트웍스㈜, 인포뱅크 주식회사, 비즈톡㈜(생략)제 11 조 (개인정보의 위탁처리)수탁 업체위탁 업무 내용㈜엘지유플러스, ㈜카카오페이, 갤럭시아커뮤니케이션즈㈜, 엔에이치엔한국사이버결제㈜, 엔에이치엔페이코㈜, 네이버㈜, ㈜케이지이니시스, ㈜케이지모빌리언스(생략)㈜엘지유플러스, ㈜다우기술, 세종텔레콤㈜, 씨제이올리브네트웍스㈜, 인포뱅크 주식회사, 비즈톡㈜, ㈜신안정보통신, 케이티하이텔㈜(생략)제 12 조 ~ 제 14 조제 12 조 ~ 제 14 조 를 제 13 조 ~ 제 15 조 로 변경▶ 동의 및 이의 제기변경시행일 이후에도 회원 탈퇴 등 이용 계약의 해지가 없는 경우, 개정된 내용에 동의한 것으로 간주됩니다.항상 야놀자 서비스에 관심을 갖고 이용해주시는 고객님들께 진심으로 감사 드리며, 보다 나은 서비스 제공을 위해 언제나 최선을 다하는 야놀자가 되겠습니다.감사합니다.", "19.01.03" ),
 ( 1, "주주총회에 갈음하는 합병 보고", "1. 주식회사 야놀자는 2018년 11월  29일 이사회에서 봉봉랩 주식회사를 합병하여 그 권리의무를 승계하고 봉봉랩 주식회사를 해산하기로 하는 합병계약을 승인 결의하였습니다.  2. 위 결의에 의하여 양 회사는 상법 소정의 합병 절차를 완료하고 상법 526조 제3항에 의하여 본사 이사회에서 이 공고로써 주주총회에 대한 보고에 갈음하기로 하였으므로 이에 합병완료사실을 각 주주들에게 공고로서 보고합니다.  2019년 1월 2일 주식회사 야놀자서울특별시 강남구 테헤란로 108길 42 (대치동, 엠디엠타워)대표이사 이 수 진​ ", "19.01.02" ),
 ( 1, "[공지] 서비스 정기점검 안내 (2/19 AM 03:30~07:00)", "안녕하세요. 야놀자입니다. 더욱 안정적인 서비스 제공을 위해 서버 정기점검을 안내드립니다.  점검일시 안내2월 19일(화) 오전 3:30~7:00 (약 3시간 30분)  점검범위 안내 바로예약 앱, 모바일웹 등 서비스 전체 사용 불가  서비스 이용에 불편을 드려 죄송합니다. 빠른 점검과 안정된 서비스로 찾아 뵙겠습니다.  감사합니다.", "19.02.12" ),
 ( 1, "페이나우 결제수단 제공 종료 안내", "안녕하세요. 야놀자입니다.  야놀자 서비스에서 이용할 수 있는 결제수단 중 하나인 페이나우의 제공을 종료하게 되었습니다. - 종료 일시: 2018년 12월 11일(월)- 종료 내용: 결제수단 중 페이나우 항상 야놀자 서비스에 관심을 갖고 이용해주시는 고객님들께 진심으로 감사 드리며, 보다 나은 서비스 제공을 위해 언제나 최선을 다하는 야놀자가 되겠습니다. 감사합니다.​​ ", "18.12.07" ),
-- 이벤트

-- 오늘어때 정보
(3,"서비스 이용 약관","", NOW()),
(3,"개인정보 처리방침",, NOW()),
(3,"위치정보 이용약관",, NOW()),
(3,"전자금융거래 이용약관",, NOW()),
(3,"전자금융거래 이용자 유의사항",, NOW()),
-- FAQ
(10, "후기를 작성했는데 적립금이 안들어옵니다.", "2021년 3월 16일부터 야놀자 바른후기 작성에 대한 적립금은 야놀자 코인으로 지급됩니다.바른후기 작성 완료 시점에 밀크계정 연동이 완료된 경우 야놀자 코인이 즉시 적립되나, 계정 연동이 되지 않은 경우 아래 명시된 기간 내 계정 연동을 완료한 경우에 한하여 적립을 받을 수 있습니다.• 바른후기 작성일로 부터 +6일 이내 연동 완료 시 : 후기 작성일 기준 +7일 시점에 적립예시) 2021년 3월 16일 후기 작성 → 2021년 3월 22일까지 계정 연동 시, 2021년 3월 23일 적립•바른후기 작성일로 부터 +7일 이후 연동 완료 시: 적립 불가바른 후기 적립 정책은 변경될 수 있으므로, 자세한 내용은 야놀자 코인 정책[야놀자 앱/웹 > MY 야놀자 > 야놀자 코인 > 오른쪽 상단의 아이콘(ⓘ)] 에서 확인 해 주세요.※ 야놀자 코인 계정 연동은 밀크(MiL.K) 서비스 회원가입이 필요합니다", NOW() ),
(10, "직접 작성한 후기가 왜 블라인드 처리되었나요?", "이용후기 게시판은 블라인드 운영원칙 및 커뮤니티 운영원칙에 의거하여 운영되고 있습니다.▶ 블라인드 운영원칙1. 욕설 비속어 포함한 게시물2. 객실언급 없이 의미없는 단순 자음을 반복하거나 의미없는 알파벳, 숫자 등을 나열한 게시물3.상업적인 홍보의 목적으로 작성된 게시물4. 객실을 사용하지 않고 작성된 게시물5. 개인정보를 포함한 게시물6.음란성 게시물 / 청소년에게 부적합한 게시물해당 게시글이 위와 같은 운영원칙에 위배되는 내용을 포함할 경우 블라인드 처리 됩니다.이용에 불편이 없으시도록 후기 작성시 확인 부탁드리겠습니다.자세한 후기 정책 내용은 제휴점 후기 영역에서 확인 가능합니다.", NOW() ),
(10, "작성한 이용 후기를 수정/삭제하고 싶어요.", "작성한 후기 수정 및 삭제는 야놀자 앱 > MY 야놀자 > 나의 후기영역에서 하실 수 있습니다.수정의 경우 본인이 작성한 바른후기는 작성일을 기준으로 48시간 이내 수정 가능합니다.(단, 본문 수정이 가능하며 사진의 경우 삭제만 가능)후기 삭제는 본인이 작성한 바른후기에 한해 삭제 가능하며, 야놀자 고객센터(1644-1346)에 문의하시면 후기 삭제가 가능합니다.후기 삭제 시, 기 지급된 포인트가 회수될 수 있다는 점 서비스 이용에 참고 부탁드립니다.", NOW() ),
(10, "후기를 작성했는데 적립금이 안들어옵니다.", "2021년 3월 16일부터 야놀자 바른후기 작성에 대한 적립금은 야놀자 코인으로 지급됩니다.바른후기 작성 완료 시점에 밀크계정 연동이 완료된 경우 야놀자 코인이 즉시 적립되나, 계정 연동이 되지 않은 경우 아래 명시된 기간 내 계정 연동을 완료한 경우에 한하여 적립을 받을 수 있습니다.• 바른후기 작성일로 부터 +6일 이내 연동 완료 시 : 후기 작성일 기준 +7일 시점에 적립예시) 2021년 3월 16일 후기 작성 → 2021년 3월 22일까지 계정 연동 시, 2021년 3월 23일 적립•바른후기 작성일로 부터 +7일 이후 연동 완료 시: 적립 불가바른 후기 적립 정책은 변경될 수 있으므로, 자세한 내용은 야놀자 코인 정책[야놀자 앱/웹 > MY 야놀자 > 야놀자 코인 > 오른쪽 상단의 아이콘(ⓘ)] 에서 확인 해 주세요.※ 야놀자 코인 계정 연동은 밀크(MiL.K) 서비스 회원가입이 필요합니다", NOW() ),
(10, "직접 작성한 후기가 왜 블라인드 처리되었나요?", "이용후기 게시판은 블라인드 운영원칙 및 커뮤니티 운영원칙에 의거하여 운영되고 있습니다.▶ 블라인드 운영원칙1. 욕설 비속어 포함한 게시물2. 객실언급 없이 의미없는 단순 자음을 반복하거나 의미없는 알파벳, 숫자 등을 나열한 게시물3.상업적인 홍보의 목적으로 작성된 게시물4. 객실을 사용하지 않고 작성된 게시물5. 개인정보를 포함한 게시물6.음란성 게시물 / 청소년에게 부적합한 게시물해당 게시글이 위와 같은 운영원칙에 위배되는 내용을 포함할 경우 블라인드 처리 됩니다.이용에 불편이 없으시도록 후기 작성시 확인 부탁드리겠습니다.자세한 후기 정책 내용은 제휴점 후기 영역에서 확인 가능합니다.", NOW() ),
(10, "작성한 이용 후기를 수정/삭제하고 싶어요.", "작성한 후기 수정 및 삭제는 야놀자 앱 > MY 야놀자 > 나의 후기영역에서 하실 수 있습니다.수정의 경우 본인이 작성한 바른후기는 작성일을 기준으로 48시간 이내 수정 가능합니다.(단, 본문 수정이 가능하며 사진의 경우 삭제만 가능)후기 삭제는 본인이 작성한 바른후기에 한해 삭제 가능하며, 야놀자 고객센터(1644-1346)에 문의하시면 후기 삭제가 가능합니다.후기 삭제 시, 기 지급된 포인트가 회수될 수 있다는 점 서비스 이용에 참고 부탁드립니다.", NOW() ),
(10, "후기를 작성했는데 적립금이 안들어옵니다.", "2021년 3월 16일부터 야놀자 바른후기 작성에 대한 적립금은 야놀자 코인으로 지급됩니다.바른후기 작성 완료 시점에 밀크계정 연동이 완료된 경우 야놀자 코인이 즉시 적립되나, 계정 연동이 되지 않은 경우 아래 명시된 기간 내 계정 연동을 완료한 경우에 한하여 적립을 받을 수 있습니다.• 바른후기 작성일로 부터 +6일 이내 연동 완료 시 : 후기 작성일 기준 +7일 시점에 적립예시) 2021년 3월 16일 후기 작성 → 2021년 3월 22일까지 계정 연동 시, 2021년 3월 23일 적립•바른후기 작성일로 부터 +7일 이후 연동 완료 시: 적립 불가바른 후기 적립 정책은 변경될 수 있으므로, 자세한 내용은 야놀자 코인 정책[야놀자 앱/웹 > MY 야놀자 > 야놀자 코인 > 오른쪽 상단의 아이콘(ⓘ)] 에서 확인 해 주세요.※ 야놀자 코인 계정 연동은 밀크(MiL.K) 서비스 회원가입이 필요합니다", NOW() ),
(10, "직접 작성한 후기가 왜 블라인드 처리되었나요?", "이용후기 게시판은 블라인드 운영원칙 및 커뮤니티 운영원칙에 의거하여 운영되고 있습니다.▶ 블라인드 운영원칙1. 욕설 비속어 포함한 게시물2. 객실언급 없이 의미없는 단순 자음을 반복하거나 의미없는 알파벳, 숫자 등을 나열한 게시물3.상업적인 홍보의 목적으로 작성된 게시물4. 객실을 사용하지 않고 작성된 게시물5. 개인정보를 포함한 게시물6.음란성 게시물 / 청소년에게 부적합한 게시물해당 게시글이 위와 같은 운영원칙에 위배되는 내용을 포함할 경우 블라인드 처리 됩니다.이용에 불편이 없으시도록 후기 작성시 확인 부탁드리겠습니다.자세한 후기 정책 내용은 제휴점 후기 영역에서 확인 가능합니다.", NOW() ),
(10, "작성한 이용 후기를 수정/삭제하고 싶어요.", "작성한 후기 수정 및 삭제는 야놀자 앱 > MY 야놀자 > 나의 후기영역에서 하실 수 있습니다.수정의 경우 본인이 작성한 바른후기는 작성일을 기준으로 48시간 이내 수정 가능합니다.(단, 본문 수정이 가능하며 사진의 경우 삭제만 가능)후기 삭제는 본인이 작성한 바른후기에 한해 삭제 가능하며, 야놀자 고객센터(1644-1346)에 문의하시면 후기 삭제가 가능합니다.후기 삭제 시, 기 지급된 포인트가 회수될 수 있다는 점 서비스 이용에 참고 부탁드립니다.", NOW() ),
(8, "내주변 쿠폰은 무엇인가요?", "내 주변 쿠폰은 예약결제 시 선착순으로 사용할 수 있는 쿠폰이며, 제휴점에 따라 발행되는 쿠폰의 수량 및 시간이 다릅니다.", NOW() ),
(8, "할인은 어떻게 적용하나요?", "쿠폰 할인은 아래의 경로를 통해 상품 별로 지정하여 적용할 수 있습니다.• 예약화면 > 금액 및 할인 정보의 [쿠폰 할인] > 쿠폰 할인 팝업에서 각 상품 별로 쿠폰 할인을 적용 후, [적용하기] 버튼 클릭", NOW() ),
(8, "쇼킹특가는 어떤 상품을 이용할 수 있는 건가요?", "모텔과 호텔 그리고 레저 상품을 할인된 금액으로 이용하실 수 있습니다.지금 야놀자 앱 > ‘쇼킹특가’를 통해 많은 혜택을 누려보세요.", NOW() ),
(8, "쇼킹특가란 무엇인가요?", "야놀자에서 판매하는 모텔과, 호텔 그리고 레저 상품 중 정가 대비 10% 이상 할인된 상품만을 모아놓은 곳입니다.", NOW() ),
(8, "핫딜은 어떻게 이용하나요?", "야놀자 앱 > 홈 > 모텔 또는 레저/티켓 아이콘을 선택 후, 핫딜 마크가 표시된 상품을 선택하시면 할인된 가격으로 이용하실 수 있습니다.", NOW() ),
(8, "무한쿠폰룸이 무엇인가요?", "무한쿠폰룸이란, 지정된 객실에 대해 1만원 즉시할인쿠폰(숙박기준, 대실 5천원) 받고, 퇴실 후에는 50% 페이백 쿠폰을 제공하는 무한쿠폰 전용룸 입니다.자세한 내용은 야놀자 APP > MY 야놀자 > 최강 혜택 야놀자 > 무한쿠폰룸을 통해 확인 가능합니다.", NOW() ),
(8, "무한쿠폰룸 쿠폰이 지급되지 않아요.", "50% 페이백 쿠폰은 예약 후, 자동지급되며 야놀자 앱 > MY 야놀자 > 쿠폰함에서 확인 가능합니다.무한쿠폰룸 퇴실 후에도 50%페이백 쿠폰이 지급되지 않은 경우, 야놀자 고객센터(1644-1346)로 문의해주시면 감사하겠습니다.단, 사용은 무한쿠폰룸 퇴실시간 기준 1시간 이후부터 사용이 가능하니 이 점 참고해주세요.", NOW() ),
(8, "핫딜이란 무엇인가요?", "모텔과 레저/티켓을 대상으로 할인 혜택을 제공해 드리는 상품입니다.", NOW() ),
(8, "예약 취소 시 사용한 쿠폰은 돌려 받을 수 있나요?", "고객님 소유의 쿠폰을 사용하신 경우, 취소수수료와 무관하게 예약취소 시점에 계정으로 반환됩니다. (선착순 쿠폰은 고객님께 반환되지 않습니다.)※ 단, 반환된 쿠폰의 사용 유효기간은 사용 전 상태와 동일하게 유지되며, 유효기간 만료로 인한 쿠폰 재발급 처리는 불가능합니다.", NOW() ),
(10, "후기를 작성했는데 적립금이 안들어옵니다.", "2021년 3월 16일부터 야놀자 바른후기 작성에 대한 적립금은 야놀자 코인으로 지급됩니다.바른후기 작성 완료 시점에 밀크계정 연동이 완료된 경우 야놀자 코인이 즉시 적립되나, 계정 연동이 되지 않은 경우 아래 명시된 기간 내 계정 연동을 완료한 경우에 한하여 적립을 받을 수 있습니다.• 바른후기 작성일로 부터 +6일 이내 연동 완료 시 : 후기 작성일 기준 +7일 시점에 적립예시) 2021년 3월 16일 후기 작성 → 2021년 3월 22일까지 계정 연동 시, 2021년 3월 23일 적립•바른후기 작성일로 부터 +7일 이후 연동 완료 시: 적립 불가바른 후기 적립 정책은 변경될 수 있으므로, 자세한 내용은 야놀자 코인 정책[야놀자 앱/웹 > MY 야놀자 > 야놀자 코인 > 오른쪽 상단의 아이콘(ⓘ)] 에서 확인 해 주세요.※ 야놀자 코인 계정 연동은 밀크(MiL.K) 서비스 회원가입이 필요합니다", NOW() ),
(10, "직접 작성한 후기가 왜 블라인드 처리되었나요?", "이용후기 게시판은 블라인드 운영원칙 및 커뮤니티 운영원칙에 의거하여 운영되고 있습니다.▶ 블라인드 운영원칙1. 욕설 비속어 포함한 게시물2. 객실언급 없이 의미없는 단순 자음을 반복하거나 의미없는 알파벳, 숫자 등을 나열한 게시물3.상업적인 홍보의 목적으로 작성된 게시물4. 객실을 사용하지 않고 작성된 게시물5. 개인정보를 포함한 게시물6.음란성 게시물 / 청소년에게 부적합한 게시물해당 게시글이 위와 같은 운영원칙에 위배되는 내용을 포함할 경우 블라인드 처리 됩니다.이용에 불편이 없으시도록 후기 작성시 확인 부탁드리겠습니다.자세한 후기 정책 내용은 제휴점 후기 영역에서 확인 가능합니다.", NOW() ),
(10, "작성한 이용 후기를 수정/삭제하고 싶어요.", "작성한 후기 수정 및 삭제는 야놀자 앱 > MY 야놀자 > 나의 후기영역에서 하실 수 있습니다.수정의 경우 본인이 작성한 바른후기는 작성일을 기준으로 48시간 이내 수정 가능합니다.(단, 본문 수정이 가능하며 사진의 경우 삭제만 가능)후기 삭제는 본인이 작성한 바른후기에 한해 삭제 가능하며, 야놀자 고객센터(1644-1346)에 문의하시면 후기 삭제가 가능합니다.후기 삭제 시, 기 지급된 포인트가 회수될 수 있다는 점 서비스 이용에 참고 부탁드립니다.", NOW() ),
(10, "후기를 작성했는데 적립금이 안들어옵니다.", "2021년 3월 16일부터 야놀자 바른후기 작성에 대한 적립금은 야놀자 코인으로 지급됩니다.바른후기 작성 완료 시점에 밀크계정 연동이 완료된 경우 야놀자 코인이 즉시 적립되나, 계정 연동이 되지 않은 경우 아래 명시된 기간 내 계정 연동을 완료한 경우에 한하여 적립을 받을 수 있습니다.• 바른후기 작성일로 부터 +6일 이내 연동 완료 시 : 후기 작성일 기준 +7일 시점에 적립예시) 2021년 3월 16일 후기 작성 → 2021년 3월 22일까지 계정 연동 시, 2021년 3월 23일 적립•바른후기 작성일로 부터 +7일 이후 연동 완료 시: 적립 불가바른 후기 적립 정책은 변경될 수 있으므로, 자세한 내용은 야놀자 코인 정책[야놀자 앱/웹 > MY 야놀자 > 야놀자 코인 > 오른쪽 상단의 아이콘(ⓘ)] 에서 확인 해 주세요.※ 야놀자 코인 계정 연동은 밀크(MiL.K) 서비스 회원가입이 필요합니다", NOW() ),
(10, "직접 작성한 후기가 왜 블라인드 처리되었나요?", "이용후기 게시판은 블라인드 운영원칙 및 커뮤니티 운영원칙에 의거하여 운영되고 있습니다.▶ 블라인드 운영원칙1. 욕설 비속어 포함한 게시물2. 객실언급 없이 의미없는 단순 자음을 반복하거나 의미없는 알파벳, 숫자 등을 나열한 게시물3.상업적인 홍보의 목적으로 작성된 게시물4. 객실을 사용하지 않고 작성된 게시물5. 개인정보를 포함한 게시물6.음란성 게시물 / 청소년에게 부적합한 게시물해당 게시글이 위와 같은 운영원칙에 위배되는 내용을 포함할 경우 블라인드 처리 됩니다.이용에 불편이 없으시도록 후기 작성시 확인 부탁드리겠습니다.자세한 후기 정책 내용은 제휴점 후기 영역에서 확인 가능합니다.", NOW() ),
(10, "작성한 이용 후기를 수정/삭제하고 싶어요.", "작성한 후기 수정 및 삭제는 야놀자 앱 > MY 야놀자 > 나의 후기영역에서 하실 수 있습니다.수정의 경우 본인이 작성한 바른후기는 작성일을 기준으로 48시간 이내 수정 가능합니다.(단, 본문 수정이 가능하며 사진의 경우 삭제만 가능)후기 삭제는 본인이 작성한 바른후기에 한해 삭제 가능하며, 야놀자 고객센터(1644-1346)에 문의하시면 후기 삭제가 가능합니다.후기 삭제 시, 기 지급된 포인트가 회수될 수 있다는 점 서비스 이용에 참고 부탁드립니다.", NOW() ),
(11, "아이디, 비밀번호를 잃어버렸어요.", "[아이디 찾기]• 야놀자는 회원 가입 시 별도의 이메일 인증 절차를 진행하지 않아 아이디 분실 시 고객센터로 문의주시기 바랍니다.[비밀번호 찾기]• 야놀자 앱/웹 > MY 야놀자 > 로그인 > '비밀번호 찾기'에서 가입 시 등록한 이메일 주소 기재 후 재설정 메일 발송 > 메일 내 링크를 통해 비밀번호 재설정 (링크는 24시간 동안만 유지)[간편로그인]• 회원가입/로그인 후 MY야놀자 > 설정 > 간편 로그인에서 설정이 되어야만 사용 가능※ 야놀자는 개인정보보호의 일환으로 1년 이상 장기미이용 고객을 대상으로 모든 개인정보를 삭제 처리합니다.로그인 시 '회원정보를 찾을 수 없습니다'의 메시지가 확인되는 경우, 야놀자 고객센터(1644-1346 / 09:00 ~ 익일 03:00)로 문의주시기 바랍니다.", NOW() ),
(11, "탈퇴했는데, 약관 개정 등의 메일이 왔어요.", "야놀자는 가입 시 별도의 이메일 인증 절차를 진행하지 않아 탈퇴 이후 다른 사람이 가입 시 고객님의 이메일 정보를 입력했을 수 있으며, 이 경우 가입 여부와 관계없이 이메일이 전송될 수 있습니다.이메일 수신이 불편하신 경우, 야놀자 고객센터(1644-1346)로 문의해주세요.", NOW() ),
(11, "야놀자 사이트 아이디로 로그인이 되지 않아요.", "로그인이 되지 않는 경우는 다음과 같습니다.▶ SNS로그인이 안될 경우• 먼저 ID로 회원가입/로그인 후 MY야놀자 > 설정 > 간편 로그인에서 연동해주세요.• 야놀자 웹사이트의 경우, SNS 로그인을 지원하지 않으며, 휴대폰번호로 로그인 기능을 제공하고 있으니 이용에 참고하시기 바랍니다.▶ 장기미사용고객일 경우• 야놀자는 개인정보보호의 일환으로 1년 이상 장기미이용 고객을 대상으로 모든 개인정보를 삭제 처리합니다. 개인정보가 남아있지 않은 경우 탈퇴 여부를 확인할 수 없습니다.로그인 시, /회원정보를 찾을 수 없습니다' 메세지 나오는 경우 야놀자 고객센터(1644-1346)에 문의주세요.", NOW() ),
(11, "회원 정보 수정은 어떻게 하나요?", "아이디 변경은 불가하며, 아래 방법을 통해 비밀번호/닉네임 변경이 가능합니다.▶ 비밀번호야놀자 앱 > MY 야놀자 > 상단 닉네임 옆 내 정보 관리 > 비밀번호 수정하기▶ 닉네임야놀자 앱 > MY 야놀자 > 상단 닉네임 옆 내 정보 관리 > 닉네임 옆 연필 표시 선택 후 수정하기", NOW() ),
(11, "탈퇴한 아이디로 재가입 할 수 있나요?", "탈퇴 후 30일 이후부터 동일한 아이디로 재가입이 가능합니다.", NOW() ),
(11, "마케팅 수신여부를 수정하고 싶습니다.", "아래 방법을 통해 마케팅 수신 및 해제가 가능합니다.▶ 마케팅 수신여부• 야놀자 앱 > MY 야놀자 > 설정 > 알림 설정• 야놀자 웹 : MY 야놀자 > 내정보 관리 > 광고 및 정보 수신동의단, 서비스 이용에 필수적인 공지 내용은 동의 여부와 관계없이 발송된다는 점 참고부탁드립니다.", NOW() ),
(11, "탈퇴하고 싶어요.", "회원 탈퇴는 아래의 방법을 통해 직접 가능합니다.▶ 야놀자 앱/ 웹 : MY 야놀자 > 상단 닉네임 옆 내 정보 관리 > 회원탈퇴", NOW() ),
(11, "회원가입시 인증문자가 오지 않아요.", "회원가입 시 인증번호 문자는 SMS가 아닌, 카카오톡 '야놀자알림' 플러스친구를 통해 발송됩니다.야놀자알림 톡에서 확인이 안될 시, 차단 여부를 꼭 체크해주세요.(단, 카카오톡 미사용 고객분들께는 SMS로 발송됩니다.)", NOW() );

-- 이벤트 이미지



INSERT INTO `EVENT_IMAGE` (`eventNum`,`eventOriginFileName`,`eventSaveFileName`)
VALUES 
(1, "image17.jpg", "image17.jpg"),
(1, "image73.jpg", "image73.jpg"),
(2,  "image73.jpg", "image73.jpg"),
(3, "image10.jpg", "image10.jpg"),
(4, "image64.jpg", "image64.jpg"),
(5,  "image3.jpg", "image3.jpg"),
(6, "image120.jpg", "image120.jpg"),
(7, "image137.jpg", "image137.jpg"),
(8, "image100.jpg", "image100.jpg"),
(9,  "image69.jpg", "image69.jpg"),
(10, "image157.jpg", "image157.jpg");



INSERT INTO `REVIEW_IMAGE` (`reviewNum`,`reviewOriginFileName`,`reviewSaveFileName`)
VALUES 
(1, "image103.jpg", "image103.jpg"),
(1, "image150.jpg", "image150.jpg"),
(2,  "image32.jpg", "image32.jpg"),
(3,  "image62.jpg", "image62.jpg"),
(4,  "image70.jpg", "image70.jpg"),
(5, "image90.jpg", "image90.jpg"),
(6,  "image41.jpg", "image41.jpg"),
(7,  "image97.jpg", "image97.jpg"),
(8,  "image18.jpg", "image18.jpg"),
(9,  "image41.jpg", "image41.jpg"),
(10, "image76.jpg", "image76.jpg");



INSERT INTO `ROOM_IMAGE` (`roomNum`,`roomOriginFileName`,`roomSaveFileName`)
VALUES 
(1, "image112.jpg", "image112.jpg"),
(1, "image68.jpg", "image68.jpg")  ,
(1, "image51.jpg", "image51.jpg")  ,
(2, "image110.jpg", "image110.jpg"),
(2, "image91.jpg", "image91.jpg")  ,
(2, "image80.jpg", "image80.jpg"),
(3, "image3.jpg", "image3.jpg"),
(3, "image43.jpg", "image43.jpg"),
(3, "image88.jpg", "image88.jpg"),
(4, "image115.jpg", "image115.jpg"),
(4, "image5.jpg", "image5.jpg"),
(4, "image31.jpg", "image31.jpg"),
(5, "image35.jpg", "image35.jpg"),
(5, "image110.jpg", "image110.jpg"),
(5, "image60.jpg", "image60.jpg"),
(6, "image129.jpg", "image129.jpg"),
(6, "image103.jpg", "image103.jpg"),
(6, "image79.jpg", "image79.jpg"),
(7, "image16.jpg", "image16.jpg"),
(7, "image124.jpg", "image124.jpg"),
(7, "image99.jpg", "image99.jpg"),
(8, "image101.jpg", "image101.jpg"),
(8, "image158.jpg", "image158.jpg"),
(8, "image15.jpg", "image15.jpg"),
(9, "image83.jpg", "image83.jpg"),
(9, "image48.jpg", "image48.jpg"),
(9, "image91.jpg", "image91.jpg"),
(10, "image139.jpg", "image139.jpg"),
(10, "image132.jpg", "image132.jpg"),
(10, "image150.jpg", "image150.jpg"),
(11, "image93.jpg", "image93.jpg"),
(11, "image20.jpg", "image20.jpg"),
(11, "image158.jpg", "image158.jpg"),
(12, "image90.jpg", "image90.jpg"),
(12, "image4.jpg", "image4.jpg"),
(12, "image146.jpg", "image146.jpg"),
(13, "image126.jpg", "image126.jpg"),
(13, "image49.jpg", "image49.jpg"),
(13, "image72.jpg", "image72.jpg"),
(14, "image57.jpg", "image57.jpg"),
(14, "image143.jpg", "image143.jpg"),
(14, "image111.jpg", "image111.jpg"),
(15, "image111.jpg", "image111.jpg"),
(15, "image6.jpg", "image6.jpg"),
(15, "image159.jpg", "image159.jpg"),
(16, "image62.jpg", "image62.jpg"),
(16, "image74.jpg", "image74.jpg"),
(16, "image80.jpg", "image80.jpg"),
(17, "image8.jpg", "image8.jpg"),
(17, "image14.jpg", "image14.jpg"),
(17, "image5.jpg", "image5.jpg"),
(18, "image9.jpg", "image9.jpg"),
(18, "image14.jpg", "image14.jpg"),
(18, "image135.jpg", "image135.jpg"),
(19, "image47.jpg", "image47.jpg"),
(19, "image103.jpg", "image103.jpg"),
(19, "image91.jpg", "image91.jpg"),
(20, "image48.jpg", "image48.jpg"),
(20, "image7.jpg", "image7.jpg"),
(20, "image150.jpg", "image150.jpg"),
(21, "image82.jpg", "image82.jpg"),
(21, "image112.jpg", "image112.jpg"),
(21, "image124.jpg", "image124.jpg"),
(22, "image70.jpg", "image70.jpg"),
(22, "image20.jpg", "image20.jpg"),
(22, "image136.jpg", "image136.jpg"),
(23, "image37.jpg", "image37.jpg"),
(23, "image93.jpg", "image93.jpg"),
(23, "image88.jpg", "image88.jpg"),
(24, "image15.jpg", "image15.jpg"),
(24, "image9.jpg", "image9.jpg"),
(24, "image17.jpg", "image17.jpg"),
(25, "image24.jpg", "image24.jpg"),
(25, "image38.jpg", "image38.jpg"),
(25, "image69.jpg", "image69.jpg"),
(26, "image44.jpg", "image44.jpg"),
(26, "image45.jpg", "image45.jpg"),
(26, "image23.jpg", "image23.jpg"),
(27, "image79.jpg", "image79.jpg"),
(27, "image25.jpg", "image25.jpg"),
(27, "image159.jpg", "image159.jpg"),
(28, "image80.jpg", "image80.jpg"),
(28, "image37.jpg", "image37.jpg"),
(28, "image112.jpg", "image112.jpg"),
(29, "image53.jpg", "image53.jpg"),
(29, "image64.jpg", "image64.jpg"),
(29, "image129.jpg", "image129.jpg"),
(30, "image28.jpg", "image28.jpg"),
(30, "image119.jpg", "image119.jpg"),
(30, "image113.jpg", "image113.jpg"),
(31, "image54.jpg", "image54.jpg"),
(31, "image75.jpg", "image75.jpg"),
(31, "image11.jpg", "image11.jpg"),
(32, "image108.jpg", "image108.jpg"),
(32, "image67.jpg", "image67.jpg"),
(32, "image88.jpg", "image88.jpg"),
(33, "image95.jpg", "image95.jpg"),
(33, "image130.jpg", "image130.jpg"),
(33, "image44.jpg", "image44.jpg"),
(34, "image39.jpg", "image39.jpg"),
(34, "image98.jpg", "image98.jpg"),
(34, "image117.jpg", "image117.jpg"),
(35, "image99.jpg", "image99.jpg"),
(35, "image68.jpg", "image68.jpg"),
(35, "image90.jpg", "image90.jpg"),
(36, "image18.jpg", "image18.jpg"),
(36, "image100.jpg", "image100.jpg"),
(36, "image23.jpg", "image23.jpg"),
(37, "image87.jpg", "image87.jpg"),
(37, "image71.jpg", "image71.jpg"),
(37, "image132.jpg", "image132.jpg"),
(38, "image21.jpg", "image21.jpg"),
(38, "image148.jpg", "image148.jpg"),
(38, "image90.jpg", "image90.jpg"),
(39, "image15.jpg", "image15.jpg"),
(39, "image132.jpg", "image132.jpg"),
(39, "image59.jpg", "image59.jpg"),
(40, "image79.jpg", "image79.jpg"),
(40, "image62.jpg", "image62.jpg"),
(40, "image71.jpg", "image71.jpg"),
(41, "image10.jpg", "image10.jpg"),
(41, "image135.jpg", "image135.jpg"),
(41, "image87.jpg", "image87.jpg"),
(42, "image37.jpg", "image37.jpg"),
(42, "image1.jpg", "image1.jpg"),
(42, "image131.jpg", "image131.jpg"),
(43, "image114.jpg", "image114.jpg"),
(43, "image127.jpg", "image127.jpg"),
(43, "image31.jpg", "image31.jpg"),
(44, "image2.jpg", "image2.jpg"),
(44, "image39.jpg", "image39.jpg"),
(44, "image135.jpg", "image135.jpg"),
(45, "image51.jpg", "image51.jpg"),
(45, "image137.jpg", "image137.jpg"),
(45, "image121.jpg", "image121.jpg"),
(46, "image88.jpg", "image88.jpg"),
(46, "image130.jpg", "image130.jpg"),
(46, "image82.jpg", "image82.jpg"),
(47, "image81.jpg", "image81.jpg"),
(47, "image7.jpg", "image7.jpg"),
(47, "image6.jpg", "image6.jpg"),
(48, "image66.jpg", "image66.jpg"),
(48, "image142.jpg", "image142.jpg"),
(48, "image114.jpg", "image114.jpg"),
(49, "image75.jpg", "image75.jpg"),
(49, "image60.jpg", "image60.jpg"),
(49, "image157.jpg", "image157.jpg"),
(50, "image37.jpg", "image37.jpg"),
(50, "image114.jpg", "image114.jpg"),
(50, "image43.jpg", "image43.jpg"),
(51, "image6.jpg", "image6.jpg"),
(51, "image64.jpg", "image64.jpg"),
(51, "image39.jpg", "image39.jpg"),
(52, "image36.jpg", "image36.jpg"),
(52, "image19.jpg", "image19.jpg"),
(52, "image102.jpg", "image102.jpg"),
(53, "image119.jpg", "image119.jpg"),
(53, "image48.jpg", "image48.jpg"),
(53, "image1.jpg", "image1.jpg"),
(54, "image89.jpg", "image89.jpg"),
(54, "image137.jpg", "image137.jpg"),
(54, "image51.jpg", "image51.jpg"),
(55, "image26.jpg", "image26.jpg"),
(55, "image83.jpg", "image83.jpg"),
(55, "image149.jpg", "image149.jpg"),
(56, "image38.jpg", "image38.jpg"),
(56, "image117.jpg", "image117.jpg"),
(56, "image109.jpg", "image109.jpg"),
(57, "image18.jpg", "image18.jpg"),
(57, "image68.jpg", "image68.jpg"),
(57, "image39.jpg", "image39.jpg"),
(58, "image152.jpg", "image152.jpg"),
(58, "image3.jpg", "image3.jpg"),
(58, "image7.jpg", "image7.jpg"),
(59, "image24.jpg", "image24.jpg"),
(59, "image105.jpg", "image105.jpg"),
(59, "image132.jpg", "image132.jpg"),
(60, "image126.jpg", "image126.jpg"),
(60, "image128.jpg", "image128.jpg"),
(60, "image63.jpg", "image63.jpg"),
(61, "image58.jpg", "image58.jpg"),
(61, "image155.jpg", "image155.jpg"),
(61, "image58.jpg", "image58.jpg"),
(62, "image80.jpg", "image80.jpg"),
(62, "image4.jpg", "image4.jpg"),
(62, "image157.jpg", "image157.jpg"),
(63, "image97.jpg", "image97.jpg"),
(63, "image132.jpg", "image132.jpg"),
(63, "image155.jpg", "image155.jpg"),
(64, "image106.jpg", "image106.jpg"),
(64, "image3.jpg", "image3.jpg"),
(64, "image121.jpg", "image121.jpg"),
(65, "image142.jpg", "image142.jpg"),
(65, "image84.jpg", "image84.jpg"),
(65, "image24.jpg", "image24.jpg"),
(66, "image98.jpg", "image98.jpg"),
(66, "image51.jpg", "image51.jpg"),
(66, "image88.jpg", "image88.jpg"),
(67, "image32.jpg", "image32.jpg"),
(67, "image53.jpg", "image53.jpg"),
(67, "image129.jpg", "image129.jpg"),
(68, "image33.jpg", "image33.jpg"),
(68, "image32.jpg", "image32.jpg"),
(68, "image142.jpg", "image142.jpg"),
(69, "image47.jpg", "image47.jpg"),
(69, "image79.jpg", "image79.jpg"),
(69, "image11.jpg", "image11.jpg"),
(70, "image36.jpg", "image36.jpg"),
(70, "image72.jpg", "image72.jpg"),
(70, "image159.jpg", "image159.jpg"),
(71, "image144.jpg", "image144.jpg"),
(71, "image83.jpg", "image83.jpg"),
(71, "image104.jpg", "image104.jpg"),
(72, "image50.jpg", "image50.jpg"),
(72, "image91.jpg", "image91.jpg"),
(72, "image113.jpg", "image113.jpg"),
(73, "image69.jpg", "image69.jpg"),
(73, "image34.jpg", "image34.jpg"),
(73, "image14.jpg", "image14.jpg"),
(74, "image31.jpg", "image31.jpg"),
(74, "image130.jpg", "image130.jpg"),
(74, "image10.jpg", "image10.jpg"),
(75, "image69.jpg", "image69.jpg"),
(75, "image13.jpg", "image13.jpg"),
(75, "image8.jpg", "image8.jpg"),
(76, "image48.jpg", "image48.jpg"),
(76, "image119.jpg", "image119.jpg"),
(76, "image86.jpg", "image86.jpg"),
(77, "image33.jpg", "image33.jpg"),
(77, "image153.jpg", "image153.jpg"),
(77, "image124.jpg", "image124.jpg"),
(78, "image14.jpg", "image14.jpg"),
(78, "image85.jpg", "image85.jpg"),
(78, "image108.jpg", "image108.jpg"),
(79, "image110.jpg", "image110.jpg"),
(79, "image27.jpg", "image27.jpg"),
(79, "image79.jpg", "image79.jpg"),
(80, "image118.jpg", "image118.jpg"),
(80, "image1.jpg", "image1.jpg"),
(80, "image66.jpg", "image66.jpg"),
(81, "image63.jpg", "image63.jpg"),
(81, "image120.jpg", "image120.jpg"),
(81, "image127.jpg", "image127.jpg"),
(82, "image61.jpg", "image61.jpg"),
(82, "image128.jpg", "image128.jpg"),
(82, "image84.jpg", "image84.jpg"),
(83, "image101.jpg", "image101.jpg"),
(83, "image98.jpg", "image98.jpg"),
(83, "image49.jpg", "image49.jpg"),
(84, "image110.jpg", "image110.jpg"),
(84, "image37.jpg", "image37.jpg"),
(84, "image52.jpg", "image52.jpg"),
(85, "image69.jpg", "image69.jpg"),
(85, "image65.jpg", "image65.jpg"),
(85, "image96.jpg", "image96.jpg"),
(86, "image104.jpg", "image104.jpg"),
(86, "image32.jpg", "image32.jpg"),
(86, "image29.jpg", "image29.jpg"),
(87, "image125.jpg", "image125.jpg"),
(87, "image45.jpg", "image45.jpg"),
(87, "image94.jpg", "image94.jpg"),
(88, "image81.jpg", "image81.jpg"),
(88, "image27.jpg", "image27.jpg"),
(88, "image150.jpg", "image150.jpg"),
(89, "image39.jpg", "image39.jpg"),
(89, "image53.jpg", "image53.jpg"),
(89, "image68.jpg", "image68.jpg"),
(90, "image68.jpg", "image68.jpg"),
(90, "image153.jpg", "image153.jpg"),
(90, "image86.jpg", "image86.jpg"),
(91, "image91.jpg", "image91.jpg"),
(91, "image73.jpg", "image73.jpg"),
(91, "image85.jpg", "image85.jpg"),
(92, "image118.jpg", "image118.jpg"),
(92, "image117.jpg", "image117.jpg"),
(92, "image57.jpg", "image57.jpg"),
(93, "image43.jpg", "image43.jpg"),
(93, "image59.jpg", "image59.jpg"),
(93, "image89.jpg", "image89.jpg"),
(94, "image55.jpg", "image55.jpg"),
(94, "image122.jpg", "image122.jpg"),
(94, "image7.jpg", "image7.jpg"),
(95, "image157.jpg", "image157.jpg"),
(95, "image151.jpg", "image151.jpg"),
(95, "image44.jpg", "image44.jpg"),
(96, "image88.jpg", "image88.jpg"),
(96, "image2.jpg", "image2.jpg"),
(96, "image121.jpg", "image121.jpg"),
(97, "image37.jpg", "image37.jpg"),
(97, "image151.jpg", "image151.jpg"),
(97, "image62.jpg", "image62.jpg"),
(98, "image114.jpg", "image114.jpg"),
(98, "image112.jpg", "image112.jpg"),
(98, "image34.jpg", "image34.jpg"),
(99, "image93.jpg", "image93.jpg"),
(99, "image94.jpg", "image94.jpg"),
(99, "image77.jpg", "image77.jpg"),
(100, "image25.jpg", "image25.jpg"),
(100, "image18.jpg", "image18.jpg"),
(100, "image146.jpg", "image146.jpg"),
(101, "image148.jpg", "image148.jpg"),
(101, "image113.jpg", "image113.jpg"),
(101, "image56.jpg", "image56.jpg"),
(102, "image75.jpg", "image75.jpg"),
(102, "image67.jpg", "image67.jpg"),
(102, "image72.jpg", "image72.jpg"),
(103, "image86.jpg", "image86.jpg"),
(103, "image38.jpg", "image38.jpg"),
(103, "image28.jpg", "image28.jpg"),
(104, "image9.jpg", "image9.jpg"),
(104, "image113.jpg", "image113.jpg"),
(104, "image85.jpg", "image85.jpg"),
(105, "image53.jpg", "image53.jpg"),
(105, "image131.jpg", "image131.jpg"),
(105, "image45.jpg", "image45.jpg"),
(106, "image32.jpg", "image32.jpg"),
(106, "image47.jpg", "image47.jpg"),
(106, "image97.jpg", "image97.jpg"),
(107, "image124.jpg", "image124.jpg"),
(107, "image21.jpg", "image21.jpg"),
(107, "image83.jpg", "image83.jpg"),
(108, "image18.jpg", "image18.jpg"),
(108, "image83.jpg", "image83.jpg"),
(108, "image115.jpg", "image115.jpg"),
(109, "image101.jpg", "image101.jpg"),
(109, "image47.jpg", "image47.jpg"),
(109, "image33.jpg", "image33.jpg"),
(110, "image28.jpg", "image28.jpg"),
(110, "image137.jpg", "image137.jpg"),
(110, "image2.jpg", "image2.jpg"),
(111, "image114.jpg", "image114.jpg"),
(111, "image54.jpg", "image54.jpg"),
(111, "image70.jpg", "image70.jpg"),
(112, "image58.jpg", "image58.jpg"),
(112, "image15.jpg", "image15.jpg"),
(112, "image66.jpg", "image66.jpg"),
(113, "image45.jpg", "image45.jpg"),
(113, "image104.jpg", "image104.jpg"),
(113, "image96.jpg", "image96.jpg"),
(114, "image109.jpg", "image109.jpg"),
(114, "image36.jpg", "image36.jpg"),
(114, "image66.jpg", "image66.jpg"),
(115, "image60.jpg", "image60.jpg"),
(115, "image37.jpg", "image37.jpg"),
(115, "image63.jpg", "image63.jpg"),
(116, "image103.jpg", "image103.jpg"),
(116, "image96.jpg", "image96.jpg"),
(116, "image124.jpg", "image124.jpg"),
(117, "image20.jpg", "image20.jpg"),
(117, "image123.jpg", "image123.jpg"),
(117, "image36.jpg", "image36.jpg"),
(118, "image106.jpg", "image106.jpg"),
(118, "image58.jpg", "image58.jpg"),
(118, "image32.jpg", "image32.jpg"),
(119, "image149.jpg", "image149.jpg"),
(119, "image111.jpg", "image111.jpg"),
(119, "image154.jpg", "image154.jpg"),
(120, "image121.jpg", "image121.jpg"),
(120, "image57.jpg", "image57.jpg"),
(120, "image2.jpg", "image2.jpg"),
(121, "image28.jpg", "image28.jpg"),
(121, "image21.jpg", "image21.jpg"),
(121, "image120.jpg", "image120.jpg"),
(122, "image71.jpg", "image71.jpg"),
(122, "image31.jpg", "image31.jpg"),
(122, "image44.jpg", "image44.jpg"),
(123, "image6.jpg", "image6.jpg"),
(123, "image38.jpg", "image38.jpg"),
(123, "image153.jpg", "image153.jpg"),
(124, "image55.jpg", "image55.jpg"),
(124, "image62.jpg", "image62.jpg"),
(124, "image9.jpg", "image9.jpg"),
(125, "image94.jpg", "image94.jpg"),
(125, "image68.jpg", "image68.jpg"),
(125, "image105.jpg", "image105.jpg"),
(126, "image104.jpg", "image104.jpg"),
(126, "image62.jpg", "image62.jpg"),
(126, "image156.jpg", "image156.jpg"),
(127, "image53.jpg", "image53.jpg"),
(127, "image83.jpg", "image83.jpg"),
(127, "image13.jpg", "image13.jpg"),
(128, "image106.jpg", "image106.jpg"),
(128, "image20.jpg", "image20.jpg"),
(128, "image29.jpg", "image29.jpg"),
(129, "image59.jpg", "image59.jpg"),
(129, "image11.jpg", "image11.jpg"),
(129, "image94.jpg", "image94.jpg"),
(130, "image104.jpg", "image104.jpg"),
(130, "image139.jpg", "image139.jpg"),
(130, "image126.jpg", "image126.jpg"),
(131, "image76.jpg", "image76.jpg"),
(131, "image116.jpg", "image116.jpg"),
(131, "image97.jpg", "image97.jpg"),
(132, "image16.jpg", "image16.jpg"),
(132, "image67.jpg", "image67.jpg"),
(132, "image152.jpg", "image152.jpg"),
(133, "image3.jpg", "image3.jpg"),
(133, "image58.jpg", "image58.jpg"),
(133, "image81.jpg", "image81.jpg"),
(134, "image139.jpg", "image139.jpg"),
(134, "image146.jpg", "image146.jpg"),
(134, "image125.jpg", "image125.jpg"),
(135, "image86.jpg", "image86.jpg"),
(135, "image85.jpg", "image85.jpg"),
(135, "image32.jpg", "image32.jpg"),
(136, "image80.jpg", "image80.jpg"),
(136, "image157.jpg", "image157.jpg"),
(136, "image88.jpg", "image88.jpg"),
(137, "image43.jpg", "image43.jpg"),
(137, "image79.jpg", "image79.jpg"),
(137, "image63.jpg", "image63.jpg"),
(138, "image63.jpg", "image63.jpg"),
(138, "image113.jpg", "image113.jpg"),
(138, "image32.jpg", "image32.jpg"),
(139, "image157.jpg", "image157.jpg"),
(139, "image101.jpg", "image101.jpg"),
(139, "image1.jpg", "image1.jpg"),
(140, "image88.jpg", "image88.jpg"),
(140, "image51.jpg", "image51.jpg"),
(140, "image141.jpg", "image141.jpg"),
(141, "image95.jpg", "image95.jpg"),
(141, "image137.jpg", "image137.jpg"),
(141, "image56.jpg", "image56.jpg"),
(142, "image48.jpg", "image48.jpg"),
(142, "image118.jpg", "image118.jpg"),
(142, "image85.jpg", "image85.jpg"),
(143, "image6.jpg", "image6.jpg"),
(143, "image11.jpg", "image11.jpg"),
(143, "image66.jpg", "image66.jpg"),
(144, "image82.jpg", "image82.jpg"),
(144, "image138.jpg", "image138.jpg"),
(144, "image109.jpg", "image109.jpg"),
(145, "image88.jpg", "image88.jpg"),
(145, "image59.jpg", "image59.jpg"),
(145, "image42.jpg", "image42.jpg"),
(146, "image154.jpg", "image154.jpg"),
(146, "image67.jpg", "image67.jpg"),
(146, "image74.jpg", "image74.jpg"),
(147, "image75.jpg", "image75.jpg"),
(147, "image148.jpg", "image148.jpg"),
(147, "image6.jpg", "image6.jpg"),
(148, "image31.jpg", "image31.jpg"),
(148, "image145.jpg", "image145.jpg"),
(148, "image25.jpg", "image25.jpg"),
(149, "image141.jpg", "image141.jpg"),
(149, "image37.jpg", "image37.jpg"),
(149, "image81.jpg", "image81.jpg"),
(150, "image7.jpg", "image7.jpg"),
(150, "image1.jpg", "image1.jpg"),
(150, "image65.jpg", "image65.jpg"),
(151, "image13.jpg", "image13.jpg"),
(151, "image13.jpg", "image13.jpg"),
(151, "image49.jpg", "image49.jpg"),
(152, "image95.jpg", "image95.jpg"),
(152, "image122.jpg", "image122.jpg"),
(152, "image123.jpg", "image123.jpg"),
(153, "image23.jpg", "image23.jpg"),
(153, "image110.jpg", "image110.jpg"),
(153, "image21.jpg", "image21.jpg"),
(154, "image81.jpg", "image81.jpg"),
(154, "image155.jpg", "image155.jpg"),
(154, "image148.jpg", "image148.jpg"),
(155, "image9.jpg", "image9.jpg"),
(155, "image34.jpg", "image34.jpg"),
(155, "image124.jpg", "image124.jpg"),
(156, "image51.jpg", "image51.jpg"),
(156, "image81.jpg", "image81.jpg"),
(156, "image55.jpg", "image55.jpg"),
(157, "image110.jpg", "image110.jpg"),
(157, "image44.jpg", "image44.jpg"),
(157, "image109.jpg", "image109.jpg"),
(158, "image42.jpg", "image42.jpg"),
(158, "image152.jpg", "image152.jpg"),
(158, "image30.jpg", "image30.jpg"),
(159, "image139.jpg", "image139.jpg"),
(159, "image134.jpg", "image134.jpg"),
(159, "image141.jpg", "image141.jpg"),
(160, "image96.jpg", "image96.jpg"),
(160, "image128.jpg", "image128.jpg"),
(160, "image73.jpg", "image73.jpg"),
(161, "image93.jpg", "image93.jpg"),
(161, "image92.jpg", "image92.jpg"),
(161, "image22.jpg", "image22.jpg");


INSERT INTO `ACCOM_IMAGE` (`accomNum`,`accomOriginFileName`,`accomSaveFileName`)
VALUES 
(1, "image0.jpg", "image0.jpg"),
(1, "image1.jpg", "image1.jpg"),
(2, "image2.jpg", "image2.jpg"),
(2, "image3.jpg", "image3.jpg"),
(3, "image4.jpg", "image4.jpg"),
(3, "image5.jpg", "image5.jpg"),
(4, "image6.jpg", "image6.jpg"),
(4, "image7.jpg", "image7.jpg"),
(5, "image8.jpg", "image8.jpg"),
(5, "image9.jpg", "image9.jpg"),
(6, "image10.jpg","image10.jpg"),
(6, "image11.jpg","image11.jpg"),
(7, "image12.jpg","image12.jpg"),
(7, "image13.jpg","image13.jpg"),
(8, "image14.jpg","image14.jpg"),
(8, "image15.jpg","image15.jpg"),
(9, "image16.jpg","image16.jpg"),
(9, "image17.jpg","image17.jpg"),
(10, "image18.jpg","image18.jpg"),
(10, "image19.jpg","image19.jpg"),
(11, "image20.jpg","image20.jpg"),
(11, "image21.jpg","image21.jpg"),
(12, "image22.jpg","image22.jpg"),
(12, "image23.jpg","image23.jpg"),
(13, "image24.jpg","image24.jpg"),
(13, "image25.jpg","image25.jpg"),
(14, "image26.jpg","image26.jpg"),
(14, "image27.jpg","image27.jpg"),
(15, "image28.jpg","image28.jpg"),
(15, "image29.jpg","image29.jpg"),
(16, "image30.jpg","image30.jpg"),
(16, "image31.jpg","image31.jpg"),
(17, "image32.jpg","image32.jpg"),
(17, "image33.jpg","image33.jpg"),
(18, "image34.jpg","image34.jpg"),
(18, "image35.jpg","image35.jpg"),
(19, "image36.jpg","image36.jpg"),
(19, "image37.jpg","image37.jpg"),
(20, "image38.jpg","image38.jpg"),
(20, "image39.jpg","image39.jpg");































